Date,Adj Close,Close,High,Low,Open,Volume
1/4/2021,6571.899902,6571.899902,6662.700195,6460.5,6460.5,965097800
1/5/2021,6612.299805,6612.299805,6622.799805,6544.299805,6571.899902,718950800
1/6/2021,6841.899902,6841.899902,6859.100098,6611.899902,6612.299805,1249709500
1/7/2021,6857,6857,6903.600098,6795.100098,6841.899902,939652600
1/8/2021,6873.299805,6873.299805,6886.299805,6836.100098,6857,850778500
1/11/2021,6798.5,6798.5,6873.299805,6768.700195,6873.299805,707799500
1/12/2021,6754.100098,6754.100098,6816.700195,6738.200195,6798.5,648158800
1/13/2021,6745.5,6745.5,6772.600098,6736,6754.100098,619448200
1/14/2021,6802,6802,6802,6736.799805,6745.5,685978100
1/15/2021,6735.700195,6735.700195,6802.100098,6676.600098,6802,740665600
1/18/2021,6720.700195,6720.700195,6741.5,6709.299805,6735.700195,359826900
1/19/2021,6713,6713,6770.700195,6697.700195,6720.700195,618144700
1/20/2021,6740.399902,6740.399902,6751.799805,6697.5,6713,687499600
1/21/2021,6715.399902,6715.399902,6776.899902,6715.399902,6740.399902,621554400
1/22/2021,6695.100098,6695.100098,6715.700195,6651.700195,6715.399902,693954900
1/25/2021,6638.899902,6638.899902,6714.600098,6610.299805,6695.100098,761260500
1/26/2021,6654,6654,6702.399902,6636.299805,6638.899902,683485900
1/27/2021,6567.399902,6567.399902,6661.299805,6505.799805,6654,982451100
1/28/2021,6526.200195,6526.200195,6567.399902,6439.600098,6567.399902,869048100
1/29/2021,6407.5,6407.5,6526.200195,6397.200195,6526.200195,870670500
2/1/2021,6466.399902,6466.399902,6495.600098,6407.5,6407.5,746038100
2/2/2021,6516.700195,6516.700195,6523.5,6466.399902,6466.399902,719054200
2/3/2021,6507.799805,6507.799805,6573.100098,6489.5,6516.700195,717525200
2/4/2021,6503.700195,6503.700195,6553.399902,6478.200195,6507.799805,989919900
2/5/2021,6489.299805,6489.299805,6518.700195,6457.600098,6503.700195,984403300
2/8/2021,6523.5,6523.5,6567.700195,6489.299805,6489.299805,818871300
2/9/2021,6531.600098,6531.600098,6541,6501,6523.5,544655300
2/10/2021,6524.399902,6524.399902,6577,6481,6531.600098,782043000
2/11/2021,6528.700195,6528.700195,6554.200195,6514.899902,6524.399902,673184700
2/12/2021,6589.799805,6589.799805,6589.799805,6485.100098,6528.700195,495851300
2/15/2021,6756.100098,6756.100098,6775.399902,6589.799805,6589.799805,825488200
2/16/2021,6748.899902,6748.899902,6799.899902,6736.899902,6756.100098,817289800
2/17/2021,6710.899902,6710.899902,6760.299805,6701.600098,6748.899902,755390100
2/18/2021,6617.200195,6617.200195,6721.799805,6591.399902,6710.899902,847018200
2/19/2021,6624,6624,6646.200195,6600.600098,6617.200195,976444700
2/22/2021,6612.200195,6612.200195,6624.700195,6545.899902,6624,846468100
2/23/2021,6625.899902,6625.899902,6675.399902,6555.899902,6612.200195,1154639900
2/24/2021,6659,6659,6669.899902,6572.299805,6625.899902,1141083000
2/25/2021,6652,6652,6702.899902,6644.700195,6659,852469800
2/26/2021,6483.399902,6483.399902,6652,6465.600098,6652,1279039900
3/1/2021,6588.5,6588.5,6612.700195,6483.399902,6483.399902,708419900
3/2/2021,6613.799805,6613.799805,6660.799805,6560.899902,6588.5,682614300
3/3/2021,6675.5,6675.5,6705.299805,6613.799805,6613.799805,937329300
3/4/2021,6650.899902,6650.899902,6675.5,6581.200195,6675.5,938807000
3/5/2021,6630.5,6630.5,6710.799805,6560.799805,6650.899902,1027477500
3/8/2021,6719.100098,6719.100098,6726.399902,6612.700195,6630.5,972755300
3/9/2021,6730.299805,6730.299805,6786.799805,6689.899902,6719.100098,952946800
3/10/2021,6725.600098,6725.600098,6740.799805,6677,6730.299805,725796800
3/11/2021,6737,6737,6755.299805,6699.299805,6725.600098,714706900
3/12/2021,6761.5,6761.5,6766.399902,6709,6737,706134500
3/15/2021,6749.700195,6749.700195,6804.899902,6723.700195,6761.5,670767900
3/16/2021,6803.600098,6803.600098,6812.799805,6749.600098,6749.700195,8494800
3/17/2021,6762.700195,6762.700195,6805.700195,6753.799805,6803.600098,8378200
3/18/2021,6779.700195,6779.700195,6791.799805,6740.5,6762.700195,825204500
3/19/2021,6708.700195,6708.700195,6779.700195,6664.600098,6779.700195,1819149000
3/22/2021,6726.100098,6726.100098,6732.700195,6651,6708.700195,811558900
3/23/2021,6699.200195,6699.200195,6726.100098,6664.799805,6726.100098,861618700
3/24/2021,6712.899902,6712.899902,6722.600098,6649.399902,6699.200195,942724200
3/25/2021,6674.799805,6674.799805,6729.899902,6618.600098,6712.899902,768539700
3/26/2021,6740.600098,6740.600098,6742.100098,6674.799805,6674.799805,748208300
3/29/2021,6736.200195,6736.200195,6758.799805,6705.399902,6740.600098,624496600
3/30/2021,6772.100098,6772.100098,6792.200195,6729.5,6736.200195,664395600
3/31/2021,6713.600098,6713.600098,6775.700195,6713.600098,6772.100098,854819600
4/1/2021,6737.299805,6737.299805,6766.5,6713.600098,6713.600098,592371100
4/6/2021,6823.600098,6823.600098,6843.700195,6737.299805,6737.299805,773873100
4/7/2021,6885.299805,6885.299805,6898.399902,6823.600098,6823.600098,708769700
4/8/2021,6942.200195,6942.200195,6942.200195,6884.799805,6885.299805,792318200
4/9/2021,6915.799805,6915.799805,6949.600098,6906.399902,6942.200195,615052100
4/12/2021,6889.100098,6889.100098,6916.100098,6853.799805,6915.799805,639363600
4/13/2021,6890.5,6890.5,6895.100098,6859.700195,6889.100098,572405700
4/14/2021,6939.600098,6939.600098,6942.299805,6880.700195,6890.5,596867000
4/15/2021,6983.5,6983.5,6994.899902,6939.299805,6939.600098,651402900
4/16/2021,7019.5,7019.5,7037.700195,6983.5,6983.5,742505700
4/19/2021,7000.100098,7000.100098,7040.299805,6979.200195,7019.5,529712700
4/20/2021,6859.899902,6859.899902,7001.299805,6857.100098,7000.100098,825253600
4/21/2021,6895.299805,6895.299805,6914.899902,6859.600098,6859.899902,662064600
4/22/2021,6938.200195,6938.200195,6941.100098,6889.299805,6895.299805,647196400
4/23/2021,6938.600098,6938.600098,6938.600098,6891.799805,6938.200195,582223700
4/26/2021,6963.100098,6963.100098,6971.5,6913.399902,6938.600098,511633400
4/27/2021,6945,6945,6975.100098,6929.799805,6963.100098,658634400
4/28/2021,6963.700195,6963.700195,6986.700195,6944.100098,6945,990231900
4/29/2021,6961.5,6961.5,7019.799805,6953.899902,6963.700195,657930300
4/30/2021,6969.799805,6969.799805,7009.5,6946,6961.5,831625600
5/4/2021,6923.200195,6923.200195,7034.299805,6912.299805,6969.799805,911981600
5/5/2021,7039.299805,7039.299805,7047.799805,6923.200195,6923.200195,734979800
5/6/2021,7076.200195,7076.200195,7076.200195,7026.799805,7039.299805,764405400
5/7/2021,7129.700195,7129.700195,7143.5,7076.200195,7076.200195,624763100
5/10/2021,7123.700195,7123.700195,7164.200195,7104.399902,7129.700195,744129400
5/11/2021,6948,6948,7123.700195,6912.399902,7123.700195,933225500
5/12/2021,7004.600098,7004.600098,7028.100098,6945.299805,6948,743459700
5/13/2021,6963.299805,6963.299805,7004.600098,6823.600098,7004.600098,660813600
5/14/2021,7043.600098,7043.600098,7048.700195,6963.299805,6963.299805,845954300
5/17/2021,7032.899902,7032.899902,7066.799805,6989.100098,7043.600098,582188300
5/18/2021,7034.200195,7034.200195,7102.600098,7030.399902,7032.899902,736327300
5/19/2021,6950.200195,6950.200195,7034.200195,6897.100098,7034.200195,729532000
5/20/2021,7019.799805,7019.799805,7019.799805,6926.899902,6950.200195,626003200
5/21/2021,7018.100098,7018.100098,7028.200195,6973.299805,7019.799805,803607300
5/24/2021,7051.600098,7051.600098,7054.600098,7013.5,7018.100098,422927700
5/25/2021,7029.799805,7029.799805,7067.600098,7029.799805,7051.600098,619367600
5/26/2021,7026.899902,7026.899902,7050.899902,6998.200195,7029.799805,619965100
5/27/2021,7019.700195,7019.700195,7044,7008.5,7026.899902,1422973500
5/28/2021,7022.600098,7022.600098,7054.899902,7019.600098,7019.700195,786614400
6/1/2021,7080.5,7080.5,7118,7022.600098,7022.600098,726701500
6/2/2021,7108,7108,7122.5,7074.100098,7080.5,570341500
6/3/2021,7064.399902,7064.399902,7108,7013.899902,7108,617182900
6/4/2021,7069,7069,7071.799805,7039.700195,7064.399902,425216000
6/7/2021,7077.200195,7077.200195,7098.299805,7042.200195,7069,963131300
6/8/2021,7095.100098,7095.100098,7120.700195,7074.899902,7077.200195,550005100
6/9/2021,7081,7081,7095.700195,7046,7095.100098,575133700
6/10/2021,7088.200195,7088.200195,7117.700195,7080,7081,574917100
6/11/2021,7134.100098,7134.100098,7140.700195,7088.200195,7088.200195,509040600
6/14/2021,7146.700195,7146.700195,7188.299805,7131.799805,7134.100098,551244200
6/15/2021,7172.5,7172.5,7189.600098,7142.700195,7146.700195,779379400
6/16/2021,7185,7185,7217.5,7169.200195,7172.5,723106300
6/17/2021,7153.399902,7153.399902,7185,7133,7185,724679900
6/18/2021,7017.5,7017.5,7154.600098,7008.700195,7153.399902,1553511000
6/21/2021,7062.299805,7062.299805,7065.100098,6948.600098,7017.5,820495800
6/22/2021,7090,7090,7098.700195,7061.100098,7062.299805,522524500
6/23/2021,7074.100098,7074.100098,7129.399902,7074.100098,7090,567367400
6/24/2021,7110,7110,7119.399902,7070.899902,7074.100098,726332500
6/25/2021,7136.100098,7136.100098,7139.100098,7109.799805,7110,609038400
6/28/2021,7073,7073,7136.200195,7072,7136.100098,682531900
6/29/2021,7087.600098,7087.600098,7120.799805,7071.899902,7073,531015400
6/30/2021,7037.5,7037.5,7100.700195,7010.600098,7087.600098,659209600
7/1/2021,7125.200195,7125.200195,7134.200195,7037.5,7037.5,631273700
7/2/2021,7123.299805,7123.299805,7162.200195,7110.299805,7125.200195,520006400
7/5/2021,7164.899902,7164.899902,7168,7111.5,7123.299805,384449600
7/6/2021,7100.899902,7100.899902,7170.600098,7075.700195,7164.899902,635763200
7/7/2021,7151,7151,7153.700195,7100.899902,7100.899902,600040700
7/8/2021,7030.700195,7030.700195,7151,6981.600098,7151,741526200
7/9/2021,7121.899902,7121.899902,7121.899902,7030.200195,7030.700195,577541200
7/12/2021,7125.399902,7125.399902,7134.899902,7066.200195,7121.899902,484702100
7/13/2021,7124.700195,7124.700195,7152.399902,7116.299805,7125.399902,613836900
7/14/2021,7091.200195,7091.200195,7124.700195,7073.600098,7124.700195,565377200
7/15/2021,7012,7012,7111.799805,7005,7091.200195,612974400
7/16/2021,7008.100098,7008.100098,7056.700195,6978.100098,7012,617556700
7/19/2021,6844.399902,6844.399902,7008.100098,6813,7008.100098,817237100
7/20/2021,6881.100098,6881.100098,6929.899902,6827.299805,6844.399902,941993900
7/21/2021,6998.299805,6998.299805,7007.799805,6881.100098,6881.100098,784895600
7/22/2021,6968.299805,6968.299805,7019,6956.200195,6998.299805,497512000
7/23/2021,7027.600098,7027.600098,7033.299805,6968.299805,6968.299805,461681400
7/26/2021,7025.399902,7025.399902,7038.700195,6980.700195,7027.600098,524700700
7/27/2021,6996.100098,6996.100098,7028.399902,6929.600098,7025.399902,516983900
7/28/2021,7016.600098,7016.600098,7023.399902,6974.799805,6996.100098,595315800
7/29/2021,7078.399902,7078.399902,7093.899902,7008.700195,7016.600098,789496800
7/30/2021,7032.299805,7032.299805,7078.399902,6996.899902,7078.399902,674951500
8/2/2021,7081.700195,7081.700195,7111.700195,7032.299805,7032.299805,526271100
8/3/2021,7105.700195,7105.700195,7119.200195,7074.299805,7081.700195,613947100
8/4/2021,7123.899902,7123.899902,7142.5,7105.700195,7105.700195,618704700
8/5/2021,7120.399902,7120.399902,7130.399902,7099,7123.899902,814802900
8/6/2021,7123,7123,7135.399902,7103.700195,7120.399902,677358200
8/9/2021,7132.299805,7132.299805,7138.799805,7089.700195,7123,525136800
8/10/2021,7161,7161,7166.700195,7115.899902,7132.299805,559144000
8/11/2021,7220.100098,7220.100098,7220.100098,7157.700195,7161,536436100
8/12/2021,7193.200195,7193.200195,7220.700195,7182.899902,7220.100098,574940100
8/13/2021,7218.700195,7218.700195,7224.5,7193.100098,7193.200195,501180000
8/16/2021,7154,7154,7218.700195,7117.799805,7218.700195,522255500
8/17/2021,7181.100098,7181.100098,7188.600098,7118.700195,7154,573595700
8/18/2021,7169.299805,7169.299805,7198.799805,7143.600098,7181.100098,792002500
8/19/2021,7058.899902,7058.899902,7169.299805,6993.100098,7169.299805,602767800
8/20/2021,7087.899902,7087.899902,7095.600098,7032.5,7058.899902,549551400
8/23/2021,7109,7109,7147.799805,7087.899902,7087.899902,493195600
8/24/2021,7125.799805,7125.799805,7129.700195,7076.100098,7109,582751900
8/25/2021,7150.100098,7150.100098,7151.799805,7121.299805,7125.799805,510382500
8/26/2021,7125,7125,7150.100098,7095.399902,7150.100098,391705500
8/27/2021,7148,7148,7157.600098,7108.5,7125,425583800
8/31/2021,7119.700195,7119.700195,7160.5,7092,7148,1002276600
9/1/2021,7149.799805,7149.799805,7187.299805,7119.700195,7119.700195,522902700
9/2/2021,7163.899902,7163.899902,7168.799805,7129.700195,7149.799805,538705600
9/3/2021,7138.399902,7138.399902,7182.200195,7123.899902,7163.899902,499092300
9/6/2021,7187.200195,7187.200195,7195.600098,7138.399902,7138.399902,306418900
9/7/2021,7149.399902,7149.399902,7187.200195,7147.899902,7187.200195,466824500
9/8/2021,7095.5,7095.5,7149.399902,7061.100098,7149.399902,567994400
9/9/2021,7024.200195,7024.200195,7095.5,6998.600098,7095.5,695389400
9/10/2021,7029.200195,7029.200195,7055.200195,7014.399902,7024.200195,492655900
9/13/2021,7068.399902,7068.399902,7090.799805,7029.200195,7029.200195,545721200
9/14/2021,7034.100098,7034.100098,7068.5,7020.100098,7068.399902,678394800
9/15/2021,7016.5,7016.5,7047.299805,7016.5,7034.100098,772561700
9/16/2021,7027.5,7027.5,7059,7016.299805,7016.5,667606300
9/17/2021,6963.600098,6963.600098,7092.700195,6941.700195,7027.5,1627774500
9/20/2021,6903.899902,6903.899902,6963.600098,6828.299805,6963.600098,905908000
9/21/2021,6981,6981,7004.899902,6903.899902,6903.899902,811822000
9/22/2021,7083.399902,7083.399902,7090.5,6981,6981,623048700
9/23/2021,7078.399902,7078.399902,7131.399902,7070.700195,7083.399902,731206400
9/24/2021,7051.5,7051.5,7080.200195,7041.299805,7078.399902,836348200
9/27/2021,7063.399902,7063.399902,7122.100098,7043.200195,7051.5,900413700
9/28/2021,7028.100098,7028.100098,7071.399902,7015.600098,7063.399902,819400500
9/29/2021,7108.200195,7108.200195,7117.5,7026.899902,7028.100098,810850000
9/30/2021,7086.399902,7086.399902,7159.600098,7072.600098,7108.200195,868050200
10/1/2021,7027.100098,7027.100098,7086.399902,6989.600098,7086.399902,815417000
10/4/2021,7011,7011,7072.5,7002.700195,7027.100098,792854800
10/5/2021,7077.100098,7077.100098,7084.5,7011,7011,846145500
10/6/2021,6995.899902,6995.899902,7077.100098,6945.5,7077.100098,944014100
10/7/2021,7078,7078,7094.899902,6995.899902,6995.899902,709629100
10/8/2021,7095.600098,7095.600098,7109.299805,7070.5,7078,707356500
10/11/2021,7146.899902,7146.899902,7146.899902,7085.899902,7095.600098,709511700
10/12/2021,7130.200195,7130.200195,7146.899902,7063.399902,7146.899902,815613600
10/13/2021,7141.799805,7141.799805,7152.899902,7087.899902,7130.200195,1041234500
10/14/2021,7207.700195,7207.700195,7216.200195,7141.799805,7141.799805,785955800
10/15/2021,7234,7234,7243.899902,7206.299805,7207.700195,813605700
10/18/2021,7203.799805,7203.799805,7234,7180.200195,7234,580835500
10/19/2021,7217.5,7217.5,7223.299805,7189.5,7203.799805,677316100
10/20/2021,7223.100098,7223.100098,7229.299805,7199.299805,7217.5,655710900
10/21/2021,7190.299805,7190.299805,7227.100098,7181.700195,7223.100098,615511300
10/22/2021,7204.600098,7204.600098,7235.200195,7190.299805,7190.299805,482745100
10/25/2021,7222.799805,7222.799805,7247.5,7204.600098,7204.600098,590620500
10/26/2021,7277.600098,7277.600098,7281.200195,7222.799805,7222.799805,683335400
10/27/2021,7253.299805,7253.299805,7280.5,7247.299805,7277.600098,606503800
10/28/2021,7249.5,7249.5,7257.899902,7219.700195,7253.299805,677063000
10/29/2021,7237.600098,7237.600098,7249.5,7192.100098,7249.5,875049200
11/1/2021,7288.600098,7288.600098,7303.399902,7237.600098,7237.600098,644379600
11/2/2021,7274.799805,7274.799805,7288.600098,7240,7288.600098,788360700
11/3/2021,7248.899902,7248.899902,7277.600098,7235.299805,7274.799805,729024900
11/4/2021,7279.899902,7279.899902,7293,7247.600098,7248.899902,988387200
11/5/2021,7304,7304,7331.299805,7270,7279.899902,829628100
11/8/2021,7300.399902,7300.399902,7316.5,7293.5,7304,617444100
11/9/2021,7274,7274,7314.100098,7268.799805,7300.399902,780375900
11/10/2021,7340.200195,7340.200195,7340.200195,7270.100098,7274,908302100
11/11/2021,7384.200195,7384.200195,7394.399902,7329.700195,7340.200195,672658500
11/12/2021,7347.899902,7347.899902,7402.700195,7340.5,7384.200195,766415500
11/15/2021,7351.899902,7351.899902,7363.5,7324.100098,7347.899902,604752800
11/16/2021,7327,7327,7368.299805,7324.100098,7351.899902,849713500
11/17/2021,7291.200195,7291.200195,7327,7290,7327,980280900
11/18/2021,7256,7256,7291.299805,7242,7291.200195,590225200
11/19/2021,7223.600098,7223.600098,7289.5,7198.799805,7256,1174484200
11/22/2021,7255.5,7255.5,7272.600098,7207.799805,7223.600098,638191500
11/23/2021,7266.700195,7266.700195,7293.100098,7204.399902,7255.5,624614500
11/24/2021,7286.299805,7286.299805,7307.899902,7246,7266.700195,661514300
11/25/2021,7310.399902,7310.399902,7311.899902,7286.299805,7286.299805,487924100
11/26/2021,7044,7044,7310.399902,7042.100098,7310.399902,1714871800
11/29/2021,7110,7110,7161.899902,7044,7044,945061900
11/30/2021,7059.5,7059.5,7110,6989.700195,7110,1459578100
12/1/2021,7168.700195,7168.700195,7182,7059.399902,7059.5,779578300
12/2/2021,7129.200195,7129.200195,7168.700195,7083.200195,7168.700195,724509800
12/3/2021,7122.299805,7122.299805,7196.100098,7105.299805,7129.200195,867111100
12/6/2021,7232.299805,7232.299805,7246.299805,7122.299805,7122.299805,637274000
12/7/2021,7339.899902,7339.899902,7344.700195,7232.299805,7232.299805,783615400
12/8/2021,7337.399902,7337.399902,7378.899902,7333.600098,7339.899902,776663000
12/9/2021,7321.299805,7321.299805,7366.100098,7303,7337.100098,615185100
12/10/2021,7291.799805,7291.799805,7331.600098,7284.799805,7321.299805,533854300
12/13/2021,7231.399902,7231.399902,7309.200195,7226.600098,7291.799805,1173948800
12/14/2021,7218.600098,7218.600098,7284.5,7218.600098,7231.399902,662325900
12/15/2021,7170.799805,7170.799805,7224.899902,7166.799805,7218.600098,813609300
12/16/2021,7260.600098,7260.600098,7273.299805,7170.799805,7170.799805,1155236100
12/17/2021,7269.899902,7269.899902,7286.5,7236.200195,7260.600098,1477578800
12/20/2021,7198,7198,7269.899902,7101,7269.899902,925062200
12/21/2021,7297.399902,7297.399902,7297.399902,7198,7198,683669700
12/22/2021,7341.700195,7341.700195,7341.700195,7273.5,7297.399902,514772900
12/23/2021,7373.299805,7373.299805,7385.399902,7331.100098,7341.700195,422671500
12/24/2021,7372.100098,7372.100098,7403.700195,7368.799805,7373.299805,126005500
12/29/2021,7420.700195,7420.700195,7457.100098,7372.100098,7372.100098,445975700
12/30/2021,7403,7403,7433.399902,7403,7420.700195,266402700
12/31/2021,7384.5,7384.5,7403,7357.100098,7403,179343800
1/4/2022,7505.200195,7505.200195,7520.799805,7384.5,7384.5,934179500
1/5/2022,7516.899902,7516.899902,7530,7484.299805,7505.200195,707511200
1/6/2022,7450.399902,7450.399902,7516.899902,7420,7516.899902,843728700
1/7/2022,7485.299805,7485.299805,7485.299805,7431.899902,7450.399902,705191000
1/10/2022,7445.299805,7445.299805,7496.100098,7422.899902,7485.299805,1047171300
1/11/2022,7491.399902,7491.399902,7497.100098,7445.299805,7445.299805,727102400
1/12/2022,7551.700195,7551.700195,7564.200195,7491.399902,7491.399902,873805500
1/13/2022,7563.899902,7563.899902,7566.5,7530.100098,7551.700195,776326000
1/14/2022,7543,7543,7568.200195,7523,7563.899902,790074900
1/17/2022,7611.200195,7611.200195,7616.100098,7543,7543,812336800
1/18/2022,7563.600098,7563.600098,7613.100098,7532,7611.200195,953228000
1/19/2022,7589.700195,7589.700195,7614.899902,7525.200195,7563.600098,867104400
1/20/2022,7585,7585,7619,7549.899902,7589.700195,786613700
1/21/2022,7494.100098,7494.100098,7585,7450.5,7585,819199800
1/24/2022,7297.200195,7297.200195,7494.100098,7283.399902,7494.100098,1332106600
1/25/2022,7371.5,7371.5,7382.600098,7297.200195,7297.200195,851981700
1/26/2022,7469.799805,7469.799805,7525.600098,7371.5,7371.5,783181000
1/27/2022,7554.299805,7554.299805,7596.700195,7388.799805,7469.799805,1022547800
1/28/2022,7466.100098,7466.100098,7554.299805,7420.200195,7554.299805,1529106100
1/31/2022,7464.399902,7464.399902,7524,7450.899902,7466.100098,761419500
2/1/2022,7535.799805,7535.799805,7549.299805,7463,7464.399902,746456700
2/2/2022,7583,7583,7605.600098,7535.799805,7535.799805,719672400
2/3/2022,7528.799805,7528.799805,7605.799805,7528.700195,7583,911775100
2/4/2022,7516.399902,7516.399902,7599.700195,7497.200195,7528.799805,885041900
2/7/2022,7573.5,7573.5,7591.700195,7508.5,7516.399902,1073651000
2/8/2022,7567.100098,7567.100098,7631.299805,7548.200195,7573.5,804533800
2/9/2022,7643.399902,7643.399902,7657.899902,7567.100098,7567.100098,992005300
2/10/2022,7672.399902,7672.399902,7687.299805,7622.700195,7643.399902,831756900
2/11/2022,7661,7661,7672.399902,7596.100098,7672.399902,909140800
2/14/2022,7531.600098,7531.600098,7661,7483.399902,7661,925229500
2/15/2022,7608.899902,7608.899902,7608.899902,7513.200195,7531.600098,808114200
2/16/2022,7603.799805,7603.799805,7630.700195,7560.899902,7608.899902,1128096000
2/17/2022,7537.399902,7537.399902,7607.200195,7499.899902,7603.799805,776929900
2/18/2022,7513.600098,7513.600098,7570.600098,7508.700195,7537.399902,768986400
2/21/2022,7484.299805,7484.299805,7571.100098,7446.399902,7513.600098,622636900
2/22/2022,7494.200195,7494.200195,7531.299805,7365,7484.299805,1018787100
2/23/2022,7498.200195,7498.200195,7550,7490.5,7494.200195,862648700
2/24/2022,7207,7207,7498.200195,7204.700195,7498.200195,1966584700
2/25/2022,7489.5,7489.5,7497.899902,7207.399902,7207.399902,1381725400
2/28/2022,7458.299805,7458.299805,7489.5,7361.600098,7489.5,1584580200
3/1/2022,7330.200195,7330.200195,7499.299805,7327.799805,7458.299805,1349616800
3/2/2022,7429.600098,7429.600098,7462.200195,7320.799805,7330.200195,1325548600
3/3/2022,7238.899902,7238.899902,7468.799805,7231.5,7429.600098,1226956300
3/4/2022,6987.100098,6987.100098,7238.899902,6980.899902,7238.899902,1560387400
3/7/2022,6959.5,6959.5,7030.700195,6788,6987.100098,2177431900
3/8/2022,6964.100098,6964.100098,7013.5,6893.600098,6959.5,1443985900
3/9/2022,7190.700195,7190.700195,7190.700195,6964.100098,6964.100098,1239463500
3/10/2022,7099.100098,7099.100098,7192.799805,7066,7190.700195,1139094000
3/11/2022,7155.600098,7155.600098,7260.399902,7099,7099.100098,973207200
3/14/2022,7193.5,7193.5,7222.899902,7144,7155.600098,916048600
3/15/2022,7175.700195,7175.700195,7193.5,7075.799805,7193.5,870528100
3/16/2022,7291.700195,7291.700195,7312.200195,7175.700195,7175.700195,1914129400
3/17/2022,7385.299805,7385.299805,7385.299805,7260.5,7291.700195,1095585500
3/18/2022,7404.700195,7404.700195,7406.100098,7318.899902,7385.299805,2316358900
3/21/2022,7442.399902,7442.399902,7465,7402.600098,7404.700195,811977600
3/22/2022,7476.700195,7476.700195,7490.5,7442.399902,7442.399902,1017354500
3/23/2022,7460.600098,7460.600098,7521.100098,7459.399902,7476.700195,859391300
3/24/2022,7467.399902,7467.399902,7492,7453.299805,7460.600098,737167300
3/25/2022,7483.399902,7483.399902,7502.700195,7441.299805,7467.399902,870705400
3/28/2022,7473.100098,7473.100098,7539.299805,7471.5,7483.399902,775526800
3/29/2022,7537.299805,7537.299805,7584.100098,7473.100098,7473.100098,1172893900
3/30/2022,7578.799805,7578.799805,7578.799805,7523.799805,7537.299805,1036020900
3/31/2022,7515.700195,7515.700195,7595.399902,7515.700195,7578.799805,925410900
4/1/2022,7537.899902,7537.899902,7552.5,7508.899902,7515.700195,811395500
4/4/2022,7558.899902,7558.899902,7574.299805,7532.200195,7537.899902,837403600
4/5/2022,7613.700195,7613.700195,7613.700195,7536.200195,7558.899902,1212100600
4/6/2022,7587.700195,7587.700195,7614.100098,7536.200195,7613.700195,1102885900
4/7/2022,7551.799805,7551.799805,7601.5,7537.299805,7587.700195,1153908000
4/8/2022,7669.600098,7669.600098,7669.600098,7551.799805,7551.799805,919254100
4/11/2022,7618.299805,7618.299805,7669.600098,7611.700195,7669.600098,835767000
4/12/2022,7576.700195,7576.700195,7618.299805,7543,7618.299805,772543400
4/13/2022,7580.799805,7580.799805,7597.899902,7550.899902,7576.700195,742706800
4/14/2022,7616.399902,7616.399902,7622.399902,7551.399902,7580.799805,1005764400
4/19/2022,7601.299805,7601.299805,7624.899902,7565.799805,7616.399902,846777100
4/20/2022,7629.200195,7629.200195,7637.899902,7590.600098,7601.299805,1212543400
4/21/2022,7628,7628,7656.5,7596.299805,7629.200195,764750300
4/22/2022,7521.700195,7521.700195,7628,7521.700195,7628,694792900
4/25/2022,7380.5,7380.5,7521.700195,7339.5,7521.700195,755160100
4/26/2022,7386.200195,7386.200195,7463.200195,7380.5,7380.5,847986700
4/27/2022,7425.600098,7425.600098,7458.200195,7344.899902,7386.200195,958503900
4/28/2022,7509.200195,7509.200195,7519.700195,7425.600098,7425.600098,917004000
4/29/2022,7544.600098,7544.600098,7569.799805,7509.200195,7509.200195,983441700
5/3/2022,7561.299805,7561.299805,7561.299805,7475.700195,7544.600098,1342876200
5/4/2022,7493.5,7493.5,7572.700195,7493.5,7561.299805,699267900
5/5/2022,7503.299805,7503.299805,7619.399902,7493.5,7493.5,931632400
5/6/2022,7387.899902,7387.899902,7503.299805,7354.100098,7503.299805,1089227300
5/9/2022,7216.600098,7216.600098,7391.600098,7216.600098,7387.899902,803955700
5/10/2022,7243.200195,7243.200195,7311.700195,7216.600098,7216.600098,919988500
5/11/2022,7347.700195,7347.700195,7349.700195,7239,7243.200195,1206944700
5/12/2022,7233.299805,7233.299805,7347.700195,7158.5,7347.700195,966343100
5/13/2022,7418.200195,7418.200195,7422,7233.299805,7233.299805,871946000
5/16/2022,7464.799805,7464.799805,7464.799805,7361.700195,7418.200195,814978400
5/17/2022,7518.399902,7518.399902,7538.700195,7464.799805,7464.799805,821412200
5/18/2022,7438.100098,7438.100098,7526.100098,7438.100098,7518.399902,830397600
5/19/2022,7302.700195,7302.700195,7438.100098,7228.700195,7438.100098,1037438100
5/20/2022,7390,7390,7453.5,7302.700195,7302.700195,790841400
5/23/2022,7513.399902,7513.399902,7513.399902,7390,7390,819767300
5/24/2022,7484.399902,7484.399902,7529.700195,7434.5,7513.399902,1113802600
5/25/2022,7522.799805,7522.799805,7546.399902,7484.399902,7484.399902,898078000
5/26/2022,7564.899902,7564.899902,7575.5,7512.5,7522.799805,709669900
5/27/2022,7585.5,7585.5,7597.600098,7542.799805,7564.899902,713185000
5/30/2022,7600.100098,7600.100098,7625.600098,7576.399902,7585.5,1009169800
5/31/2022,7607.700195,7607.700195,7648.299805,7591.799805,7600.100098,1620576000
6/1/2022,7533,7533,7639.200195,7529.200195,7607.700195,734829800
6/6/2022,7608.200195,7608.200195,7646.700195,7532.799805,7533,696171700
6/7/2022,7598.899902,7598.899902,7617.5,7570.700195,7608.200195,750124500
6/8/2022,7593,7593,7616.200195,7550.700195,7598.899902,776478300
6/9/2022,7476.200195,7476.200195,7593,7472.299805,7593,771939100
6/10/2022,7317.5,7317.5,7476.200195,7294.200195,7476.200195,911375600
6/13/2022,7205.799805,7205.799805,7317.5,7174,7317.5,980090400
6/14/2022,7187.5,7187.5,7271.899902,7135.200195,7205.799805,864847700
6/15/2022,7273.399902,7273.399902,7313.700195,7186.5,7187.5,1089092800
6/16/2022,7045,7045,7273.399902,7039.5,7273.399902,1162889200
6/17/2022,7016.299805,7016.299805,7130.600098,6998.200195,7045,1908921300
6/20/2022,7121.799805,7121.799805,7129.600098,7016.200195,7016.299805,666757200
6/21/2022,7152.100098,7152.100098,7193.899902,7119.299805,7121.799805,580244500
6/22/2022,7089.200195,7089.200195,7152.100098,7030,7152.100098,1204359700
6/23/2022,7020.5,7020.5,7115.799805,7014.200195,7089.200195,763870700
6/24/2022,7208.799805,7208.799805,7211.100098,7016,7020.5,772223900
6/27/2022,7258.299805,7258.299805,7284.5,7208.5,7208.799805,802411400
6/28/2022,7323.399902,7323.399902,7362.399902,7258.299805,7258.299805,735789800
6/29/2022,7312.299805,7312.299805,7345.5,7263.5,7323.399902,718640800
6/30/2022,7169.299805,7169.299805,7312.299805,7110.700195,7312.299805,903650800
7/1/2022,7168.700195,7168.700195,7214.799805,7101.399902,7169.299805,677216200
7/4/2022,7232.700195,7232.700195,7258.5,7168.700195,7168.700195,420674600
7/5/2022,7025.5,7025.5,7260.299805,7016.799805,7232.700195,1105144500
7/6/2022,7107.799805,7107.799805,7198.700195,7025.399902,7025.5,933905000
7/7/2022,7189.100098,7189.100098,7213.100098,7107.799805,7107.799805,1108987400
7/8/2022,7196.200195,7196.200195,7210.600098,7129.200195,7189.100098,604222100
7/11/2022,7196.600098,7196.600098,7204.100098,7097.399902,7196.200195,676893400
7/12/2022,7209.899902,7209.899902,7216.899902,7143.299805,7196.600098,855143900
7/13/2022,7156.399902,7156.399902,7209.899902,7104.100098,7209.899902,805881600
7/14/2022,7039.799805,7039.799805,7157.600098,7007.100098,7156.399902,848278400
7/15/2022,7159,7159,7167.899902,7038.200195,7039.799805,782905500
7/18/2022,7223.200195,7223.200195,7268.899902,7159,7159,670662200
7/19/2022,7296.299805,7296.299805,7309,7174.399902,7223.200195,665883200
7/20/2022,7264.299805,7264.299805,7347.600098,7253.600098,7296.299805,1059158500
7/21/2022,7270.5,7270.5,7274.700195,7200.100098,7264.299805,798169600
7/22/2022,7276.399902,7276.399902,7315.299805,7254,7270.5,606877600
7/25/2022,7306.299805,7306.299805,7309.700195,7242.899902,7276.399902,711402100
7/26/2022,7306.299805,7306.299805,7365.399902,7301.200195,7306.299805,730984300
7/27/2022,7348.200195,7348.200195,7365.200195,7306.299805,7306.299805,1188866700
7/28/2022,7345.299805,7345.299805,7396.200195,7309,7348.200195,745838600
7/29/2022,7423.399902,7423.399902,7441.200195,7345.299805,7345.299805,883363000
8/1/2022,7413.399902,7413.399902,7471.899902,7408.899902,7446,558506400
8/2/2022,7409.100098,7409.100098,7433.299805,7386.799805,7413.399902,623919300
8/3/2022,7445.700195,7445.700195,7445.899902,7372.700195,7409.100098,947917500
8/4/2022,7448.100098,7448.100098,7491.700195,7417.5,7445.700195,858684300
8/5/2022,7439.700195,7439.700195,7470.600098,7420.200195,7448.100098,609722300
8/8/2022,7482.399902,7482.399902,7513.799805,7439.700195,7439.700195,626255900
8/9/2022,7488.200195,7488.200195,7504.600098,7475,7482.399902,648601100
8/10/2022,7507.100098,7507.100098,7520.700195,7468.600098,7488.200195,766193200
8/11/2022,7465.899902,7465.899902,7515,7460.100098,7507.100098,630220500
8/12/2022,7500.899902,7500.899902,7516.799805,7464.100098,7465.899902,497719500
8/15/2022,7509.200195,7509.200195,7539.200195,7463.5,7500.899902,460509300
8/16/2022,7536.100098,7536.100098,7563.700195,7509.200195,7509.200195,514362800
8/17/2022,7515.799805,7515.799805,7554,7501.5,7536.100098,505660900
8/18/2022,7541.899902,7541.899902,7541.899902,7493.700195,7515.799805,606626300
8/19/2022,7550.399902,7550.399902,7578.899902,7513.299805,7541.899902,726312000
8/22/2022,7533.799805,7533.799805,7550.399902,7491.299805,7550.399902,575411700
8/23/2022,7488.100098,7488.100098,7533.799805,7467.600098,7533.799805,673045500
8/24/2022,7471.5,7471.5,7488.100098,7410.399902,7488.100098,579010600
8/25/2022,7479.700195,7479.700195,7535.700195,7469.200195,7471.5,438562000
8/26/2022,7427.299805,7427.299805,7530.700195,7422,7479.700195,627296800
8/30/2022,7361.600098,7361.600098,7486.399902,7351.100098,7427.299805,1120430700
8/31/2022,7284.200195,7284.200195,7378.399902,7263.600098,7361.600098,1154010300
9/1/2022,7148.5,7148.5,7284.200195,7131.700195,7284.200195,746248100
9/2/2022,7281.200195,7281.200195,7288.700195,7148.5,7148.5,820948300
9/5/2022,7287.399902,7287.399902,7288.5,7191.200195,7281.200195,670793100
9/6/2022,7300.399902,7300.399902,7324.200195,7256.5,7287.399902,836364000
9/7/2022,7237.799805,7237.799805,7300.399902,7186.600098,7300.399902,1176357500
9/8/2022,7262.100098,7262.100098,7273,7175.799805,7237.799805,676276000
9/9/2022,7351.100098,7351.100098,7386.600098,7262.100098,7262.100098,703941600
9/12/2022,7473,7473,7483,7351.100098,7351.100098,903301500
9/13/2022,7385.899902,7385.899902,7514,7385.899902,7473,712367700
9/14/2022,7277.299805,7277.299805,7385.899902,7259.200195,7385.899902,1021172400
9/15/2022,7282.100098,7282.100098,7329,7258.700195,7277.299805,843763100
9/16/2022,7236.700195,7236.700195,7297.100098,7236.200195,7282.100098,2140678300
9/20/2022,7192.700195,7192.700195,7326.5,7171.200195,7236.700195,1046871600
9/21/2022,7237.600098,7237.600098,7258.899902,7170.700195,7192.700195,1446128700
9/22/2022,7159.5,7159.5,7243.899902,7149.600098,7237.600098,906687400
9/23/2022,7018.600098,7018.600098,7169.100098,6981.5,7159.5,982104000
9/26/2022,7021,7021,7071.100098,6937.399902,7018.600098,1161459400
9/27/2022,6984.600098,6984.600098,7074,6984.600098,7021,1223459100
9/28/2022,7005.399902,7005.399902,7011.5,6836.299805,6984.600098,1525149400
9/29/2022,6881.600098,6881.600098,7005.399902,6829.299805,7005.399902,1165954500
9/30/2022,6893.799805,6893.799805,6954.899902,6840.100098,6881.600098,1171310300
10/3/2022,6908.799805,6908.799805,6923.799805,6797.399902,6893.799805,1216065800
10/4/2022,7086.5,7086.5,7088.200195,6908.700195,6908.799805,1121827800
10/5/2022,7052.600098,7052.600098,7086.5,6978,7086.5,868625500
10/6/2022,6997.299805,6997.299805,7079.700195,6961.100098,7052.600098,995714800
10/7/2022,6991.100098,6991.100098,7022.399902,6960.399902,6997.299805,807923600
10/10/2022,6959.299805,6959.299805,6999.200195,6922.899902,6991.100098,918512600
10/11/2022,6885.200195,6885.200195,6959.399902,6860.299805,6959.299805,813949300
10/12/2022,6826.200195,6826.200195,6916.899902,6793.799805,6885.200195,973810400
10/13/2022,6850.299805,6850.299805,6872.899902,6707.600098,6826.200195,1116625200
10/14/2022,6858.799805,6858.799805,6976.299805,6850.299805,6850.299805,881210300
10/17/2022,6920.200195,6920.200195,6959.700195,6850.399902,6858.799805,951222700
10/18/2022,6936.700195,6936.700195,7017.399902,6920.200195,6920.200195,932599200
10/19/2022,6925,6925,6968.299805,6890.700195,6936.700195,699543100
10/20/2022,6943.899902,6943.899902,6954.200195,6894.899902,6925,814484300
10/21/2022,6969.700195,6969.700195,6976.200195,6864.100098,6943.899902,668448000
10/24/2022,7014,7014,7047.399902,6914.700195,6969.700195,620033900
10/25/2022,7013.5,7013.5,7025.200195,6949.200195,7014,621328900
10/26/2022,7056.100098,7056.100098,7057.399902,6960.100098,7013.5,1054624200
10/27/2022,7073.700195,7073.700195,7093.100098,7034.200195,7056.100098,920365100
10/28/2022,7047.700195,7047.700195,7073.700195,6997.5,7073.700195,683640200
10/31/2022,7094.5,7094.5,7132.899902,7030.100098,7047.700195,881761300
11/1/2022,7186.200195,7186.200195,7221.299805,7094.5,7094.5,879817800
11/2/2022,7144.100098,7144.100098,7205.100098,7130.5,7186.200195,688038000
11/3/2022,7188.600098,7188.600098,7188.600098,7076.5,7144.100098,721711200
11/4/2022,7334.799805,7334.799805,7376.200195,7188.600098,7188.600098,960620800
11/7/2022,7300,7300,7346.700195,7288,7334.799805,718412900
11/8/2022,7306.100098,7306.100098,7313.5,7244.799805,7300,959888700
11/9/2022,7296.299805,7296.299805,7307.799805,7263.5,7306.100098,529922700
11/10/2022,7375.299805,7375.299805,7405.100098,7253.399902,7296.299805,769446200
11/11/2022,7318,7318,7408.600098,7316.799805,7375.299805,931267700
11/14/2022,7385.200195,7385.200195,7413.799805,7317.600098,7318,732981800
11/15/2022,7369.399902,7369.399902,7413,7344.899902,7385.200195,939772400
11/16/2022,7351.200195,7351.200195,7394.399902,7341.600098,7369.399902,765409500
11/17/2022,7346.5,7346.5,7354.100098,7294.799805,7351.200195,752043800
11/18/2022,7385.5,7385.5,7423.5,7343.5,7346.5,844911100
11/21/2022,7376.899902,7376.899902,7402.799805,7343.399902,7385.5,666262800
11/22/2022,7452.799805,7452.799805,7458.899902,7373.600098,7376.899902,575525600
11/23/2022,7465.200195,7465.200195,7498.299805,7452.799805,7452.799805,872545100
11/24/2022,7466.600098,7466.600098,7488.100098,7443.5,7465.200195,418286100
11/25/2022,7486.700195,7486.700195,7497.200195,7461.799805,7466.600098,522719700
11/28/2022,7474,7474,7496.799805,7420,7486.700195,662622600
11/29/2022,7512,7512,7543.100098,7474,7474,714685200
11/30/2022,7573.100098,7573.100098,7599.299805,7512,7512,1394738300
12/1/2022,7558.5,7558.5,7599.700195,7552.299805,7573.100098,642843000
12/2/2022,7556.200195,7556.200195,7570.5,7508,7558.5,540219900
12/5/2022,7567.5,7567.5,7598.200195,7547.799805,7556.200195,509145400
12/6/2022,7521.399902,7521.399902,7567.600098,7521.399902,7567.5,805368600
12/7/2022,7489.200195,7489.200195,7567.200195,7489.200195,7521.399902,727846100
12/8/2022,7472.200195,7472.200195,7508,7469.100098,7489.200195,637244700
12/9/2022,7476.600098,7476.600098,7498,7431.399902,7472.200195,741398100
12/12/2022,7446,7446,7476.600098,7438.899902,7476.600098,606464000
12/13/2022,7502.899902,7502.899902,7553.399902,7429,7446,688121300
12/14/2022,7495.899902,7495.899902,7504.5,7461.700195,7502.899902,745004400
12/15/2022,7426.200195,7426.200195,7495.899902,7411.100098,7495.899902,616549200
12/16/2022,7332.100098,7332.100098,7429.299805,7305.700195,7426.200195,1834745500
12/19/2022,7361.299805,7361.299805,7385.399902,7332.100098,7332.100098,517840400
12/20/2022,7370.600098,7370.600098,7389.899902,7302.799805,7361.299805,799491300
12/21/2022,7497.299805,7497.299805,7498.5,7368.700195,7370.600098,499178500
12/22/2022,7469.299805,7469.299805,7540.299805,7463.5,7497.299805,402305900
12/23/2022,7473,7473,7496.399902,7462.799805,7469.299805,222853700
12/28/2022,7497.200195,7497.200195,7547,7473,7473,416900400
12/29/2022,7512.700195,7512.700195,7516.399902,7434.600098,7497.200195,351759900
12/30/2022,7451.700195,7451.700195,7512.899902,7451.700195,7512.700195,254135300
1/3/2023,7554.100098,7554.100098,7626.399902,7448.700195,7451.700195,914070400
1/4/2023,7585.200195,7585.200195,7609.299805,7545.200195,7554.100098,753877000
1/5/2023,7633.5,7633.5,7658.799805,7564.700195,7585.200195,883850800
1/6/2023,7699.5,7699.5,7700.799805,7633.5,7633.5,813538800
1/9/2023,7724.899902,7724.899902,7725.700195,7688.700195,7699.5,847858600
1/10/2023,7694.5,7694.5,7724.899902,7684.399902,7724.899902,933139900
1/11/2023,7725,7725,7772.399902,7694.399902,7694.5,1041280000
1/12/2023,7794,7794,7809.100098,7724.600098,7725,738395600
1/13/2023,7844.100098,7844.100098,7865,7793.600098,7794,754267100
1/16/2023,7860.100098,7860.100098,7867.200195,7841.899902,7844.100098,662559400
1/17/2023,7851,7851,7875.600098,7830.399902,7860.100098,992753700
1/18/2023,7830.700195,7830.700195,7867.399902,7824.700195,7851,963849600
1/19/2023,7747.299805,7747.299805,7830.799805,7726.200195,7830.700195,732044900
1/20/2023,7770.600098,7770.600098,7790.899902,7747.299805,7747.299805,801110300
1/23/2023,7784.700195,7784.700195,7811.200195,7768.5,7770.600098,562127700
1/24/2023,7757.399902,7757.399902,7800.899902,7741.799805,7784.700195,754271900
1/25/2023,7744.899902,7744.899902,7773.600098,7710.799805,7757.399902,717266400
1/26/2023,7761.100098,7761.100098,7787.600098,7744.899902,7744.899902,828610300
1/27/2023,7765.200195,7765.200195,7777.399902,7742.100098,7761.100098,709941200
1/30/2023,7784.899902,7784.899902,7790.700195,7718.299805,7765.200195,1123538000
1/31/2023,7771.700195,7771.700195,7784.899902,7708.299805,7784.899902,838335600
2/1/2023,7761.100098,7761.100098,7798.5,7745.399902,7771.700195,924663100
2/2/2023,7820.200195,7820.200195,7837.799805,7758.5,7761.100098,726760200
2/3/2023,7901.799805,7901.799805,7906.600098,7806.899902,7820.200195,713859100
2/6/2023,7836.700195,7836.700195,7901.799805,7808.399902,7901.799805,665926500
2/7/2023,7864.700195,7864.700195,7890.799805,7835.399902,7836.700195,777311900
2/8/2023,7885.200195,7885.200195,7934.299805,7864.700195,7864.700195,587150400
2/9/2023,7911.200195,7911.200195,7949.600098,7874.200195,7885.200195,1061015400
2/10/2023,7882.5,7882.5,7913.299805,7850.899902,7911.200195,974265500
2/13/2023,7947.600098,7947.600098,7947.600098,7881.899902,7882.5,570125100
2/14/2023,7953.899902,7953.899902,7996.399902,7947.600098,7947.600098,697856100
2/15/2023,7997.799805,7997.799805,8003.700195,7921.299805,7953.899902,841595900
2/16/2023,8012.5,8012.5,8047.100098,7978.600098,7997.799805,731954200
2/17/2023,8004.399902,8004.399902,8012.5,7957.700195,8012.5,1270492000
2/20/2023,8014.299805,8014.299805,8020.100098,7995.5,8004.399902,696068100
2/21/2023,7977.799805,7977.799805,8014.399902,7952.5,8014.299805,889518400
2/22/2023,7930.600098,7930.600098,7977.799805,7879,7977.799805,682684900
2/23/2023,7907.700195,7907.700195,7935.600098,7888.899902,7930.600098,974842600
2/24/2023,7878.700195,7878.700195,7939.200195,7870.399902,7907.700195,879172000
2/27/2023,7935.100098,7935.100098,7950,7878.700195,7878.700195,755879000
2/28/2023,7876.299805,7876.299805,7935.100098,7854.799805,7935.100098,1246757900
3/1/2023,7914.899902,7914.899902,7950.700195,7874.299805,7876.299805,1202133000
3/2/2023,7944,7944,7945.799805,7875,7914.899902,889732700
3/3/2023,7947.100098,7947.100098,7974.399902,7920.100098,7944,644050800
3/6/2023,7929.799805,7929.799805,7948.700195,7897.5,7947.100098,629550100
3/7/2023,7919.5,7919.5,7959.799805,7909.799805,7929.799805,869427500
3/8/2023,7929.899902,7929.899902,7946.600098,7891.399902,7919.5,770649400
3/9/2023,7880,7880,7930.299805,7862,7929.899902,839666000
3/10/2023,7748.399902,7748.399902,7880,7708.299805,7880,987132200
3/13/2023,7548.600098,7548.600098,7752.399902,7546,7748.399902,1201999000
3/14/2023,7637.100098,7637.100098,7641.600098,7503.299805,7548.600098,875583300
3/15/2023,7344.5,7344.5,7637.399902,7333.399902,7637.100098,1340604500
3/16/2023,7410,7410,7458.600098,7331.5,7344.5,1196884100
3/17/2023,7335.399902,7335.399902,7510.5,7309.299805,7410,2095306400
3/20/2023,7403.899902,7403.899902,7426.200195,7206.799805,7335.399902,1084762200
3/21/2023,7536.200195,7536.200195,7557.600098,7403.899902,7403.899902,801743800
3/22/2023,7566.799805,7566.799805,7585.600098,7505.5,7536.200195,892439300
3/23/2023,7499.600098,7499.600098,7566.799805,7476.100098,7566.799805,1227843700
3/24/2023,7405.5,7405.5,7499.600098,7335.700195,7499.600098,862536800
3/27/2023,7471.799805,7471.799805,7491.700195,7405.5,7405.5,703755400
3/28/2023,7484.299805,7484.299805,7524.600098,7464.600098,7471.799805,1159788800
3/29/2023,7564.299805,7564.299805,7566.799805,7484.200195,7484.299805,637649500
3/30/2023,7620.399902,7620.399902,7638.5,7564.299805,7564.299805,792010000
3/31/2023,7631.700195,7631.700195,7654.399902,7616.100098,7620.399902,816288100
4/3/2023,7673,7673,7698.200195,7631.700195,7631.700195,921588900
4/4/2023,7634.5,7634.5,7726.899902,7634.5,7673,791013200
4/5/2023,7662.899902,7662.899902,7678.5,7634.299805,7634.5,660285800
4/6/2023,7741.600098,7741.600098,7742.100098,7654.5,7662.899902,589778800
4/11/2023,7785.700195,7785.700195,7806.399902,7741.600098,7741.600098,999467200
4/12/2023,7824.799805,7824.799805,7859.700195,7783.399902,7785.700195,797796300
4/13/2023,7843.399902,7843.399902,7851.600098,7814.100098,7824.799805,724768300
4/14/2023,7871.899902,7871.899902,7904,7843.399902,7843.399902,860530500
4/17/2023,7879.5,7879.5,7916.700195,7871.899902,7871.899902,665446000
4/18/2023,7909.399902,7909.399902,7912.700195,7879.5,7879.5,531338200
4/19/2023,7898.799805,7898.799805,7909.399902,7871.399902,7909.399902,506763800
4/20/2023,7902.600098,7902.600098,7903,7876.399902,7898.799805,918927800
4/21/2023,7914.100098,7914.100098,7936.100098,7886.5,7902.600098,631165500
4/24/2023,7912.200195,7912.200195,7927.100098,7877.600098,7914.100098,724845900
4/25/2023,7891.100098,7891.100098,7912.5,7863.899902,7912.200195,657900800
4/26/2023,7852.600098,7852.600098,7894,7825.899902,7891.100098,902747300
4/27/2023,7831.600098,7831.600098,7865.700195,7816.799805,7852.600098,669734300
4/28/2023,7870.600098,7870.600098,7870.600098,7791.600098,7831.600098,945273500
5/2/2023,7773,7773,7898.700195,7773,7870.600098,1020657900
5/3/2023,7788.399902,7788.399902,7819.700195,7773,7773,967192800
5/4/2023,7702.600098,7702.600098,7788.399902,7691.299805,7788.399902,776321800
5/5/2023,7778.399902,7778.399902,7781.5,7702.600098,7702.600098,608277200
5/9/2023,7764.100098,7764.100098,7792.399902,7735.100098,7778.399902,951320100
5/10/2023,7741.299805,7741.299805,7779,7727.100098,7764.100098,712870600
5/11/2023,7730.600098,7730.600098,7784.299805,7679.600098,7741.299805,883996400
5/12/2023,7754.600098,7754.600098,7772.799805,7729,7730.600098,748114500
5/15/2023,7777.700195,7777.700195,7794.899902,7754.600098,7754.600098,735218600
5/16/2023,7751.100098,7751.100098,7804.899902,7741.299805,7777.700195,1082316100
5/17/2023,7723.200195,7723.200195,7758.200195,7713,7751.100098,701763700
5/18/2023,7742.299805,7742.299805,7776.600098,7723.200195,7723.200195,757218800
5/19/2023,7756.899902,7756.899902,7790.899902,7742.100098,7742.299805,631941000
5/22/2023,7771,7771,7783.399902,7750.5,7756.899902,1205325000
5/23/2023,7763,7763,7800.899902,7747.100098,7771,698476000
5/24/2023,7627.100098,7627.100098,7763,7590.200195,7763,989739200
5/25/2023,7570.899902,7570.899902,7629.100098,7569.200195,7627.100098,725330600
5/26/2023,7627.200195,7627.200195,7643.600098,7556.899902,7570.899902,817609400
5/30/2023,7522.100098,7522.100098,7628.100098,7516.5,7627.200195,856682400
5/31/2023,7446.100098,7446.100098,7522.100098,7446.100098,7522.100098,2295618500
6/1/2023,7490.299805,7490.299805,7498.600098,7445.299805,7446.100098,967347300
6/2/2023,7607.299805,7607.299805,7614.899902,7490,7490.299805,638696900
6/5/2023,7600,7600,7654.799805,7594.100098,7607.299805,548992900
6/6/2023,7628.100098,7628.100098,7636.100098,7556.200195,7600,686044700
6/7/2023,7624.299805,7624.299805,7642.399902,7604.399902,7628.100098,617864100
6/8/2023,7599.700195,7599.700195,7638.600098,7588,7624.299805,531758500
6/9/2023,7562.399902,7562.399902,7621.700195,7546.5,7599.700195,564539300
6/12/2023,7570.700195,7570.700195,7599.899902,7556.799805,7562.399902,542917600
6/13/2023,7594.799805,7594.799805,7610.799805,7556.299805,7570.700195,1003241900
6/14/2023,7602.700195,7602.700195,7639.799805,7579.299805,7594.799805,698184100
6/15/2023,7628.299805,7628.299805,7632.700195,7584.799805,7602.700195,837993200
6/16/2023,7642.700195,7642.700195,7687.600098,7627.799805,7628.299805,2009880700
6/19/2023,7588.5,7588.5,7642.700195,7581.799805,7642.700195,439722500
6/20/2023,7569.299805,7569.299805,7607.5,7566.299805,7588.5,584448300
6/21/2023,7559.200195,7559.200195,7577.600098,7520.899902,7569.299805,611718700
6/22/2023,7502,7502,7559.200195,7458.399902,7559.200195,677771300
6/23/2023,7461.899902,7461.899902,7502,7439.700195,7502,621489600
6/26/2023,7453.600098,7453.600098,7476.5,7401.200195,7461.899902,850546800
6/27/2023,7461.5,7461.5,7495.899902,7428.100098,7453.600098,674737200
6/28/2023,7500.5,7500.5,7518.299805,7461.5,7461.5,642762300
6/29/2023,7471.700195,7471.700195,7505.600098,7460.5,7500.5,609425000
6/30/2023,7531.5,7531.5,7551.600098,7471.700195,7471.700195,729525300
7/3/2023,7527.299805,7527.299805,7561.299805,7513.899902,7531.5,533889900
7/4/2023,7519.700195,7519.700195,7547.399902,7518.399902,7527.299805,664948700
7/5/2023,7442.100098,7442.100098,7519.700195,7434.700195,7519.700195,765061200
7/6/2023,7280.5,7280.5,7442.100098,7267.600098,7442.100098,744552600
7/7/2023,7256.899902,7256.899902,7280.5,7229.600098,7280.5,494690600
7/10/2023,7273.799805,7273.799805,7306.100098,7238.700195,7256.899902,428066100
7/11/2023,7282.5,7282.5,7285.299805,7239.200195,7273.799805,790355100
7/12/2023,7416.100098,7416.100098,7425.100098,7282.5,7282.5,994258000
7/13/2023,7440.200195,7440.200195,7457.200195,7409.299805,7416.100098,584537900
7/14/2023,7434.600098,7434.600098,7480.399902,7421.299805,7440.200195,620458500
7/17/2023,7406.399902,7406.399902,7437.600098,7395.700195,7434.600098,439714200
7/18/2023,7453.700195,7453.700195,7459.200195,7398.5,7406.399902,464666400
7/19/2023,7588.200195,7588.200195,7625.100098,7453.700195,7453.700195,888485400
7/20/2023,7646.100098,7646.100098,7661.899902,7585.899902,7588.200195,637548700
7/21/2023,7663.700195,7663.700195,7674.200195,7639.5,7646.100098,506950300
7/24/2023,7678.600098,7678.600098,7685,7633.299805,7663.700195,521826500
7/25/2023,7691.799805,7691.799805,7702.399902,7676.5,7678.600098,444691500
7/26/2023,7676.899902,7676.899902,7702.700195,7630,7691.799805,807357200
7/27/2023,7692.799805,7692.799805,7709.700195,7662.399902,7676.899902,963946300
7/28/2023,7694.299805,7694.299805,7716.799805,7680.200195,7692.799805,713370800
7/31/2023,7699.399902,7699.399902,7722.899902,7667.799805,7694.299805,594121300
8/1/2023,7666.299805,7666.299805,7715.200195,7650.200195,7699.399902,557045700
8/2/2023,7561.600098,7561.600098,7666.299805,7522.200195,7666.299805,746909700
8/3/2023,7529.200195,7529.200195,7562.100098,7437.899902,7561.600098,1245242400
8/4/2023,7564.399902,7564.399902,7569.600098,7487.399902,7529.200195,524386200
8/7/2023,7554.5,7554.5,7565,7505.200195,7564.399902,487016200
8/8/2023,7527.399902,7527.399902,7554.5,7487.5,7554.5,862447700
8/9/2023,7587.299805,7587.299805,7600.799805,7527.399902,7527.399902,1098862000
8/10/2023,7618.600098,7618.600098,7622.899902,7572.600098,7587.299805,636901200
8/11/2023,7524.200195,7524.200195,7618.600098,7507.799805,7618.600098,494679400
8/14/2023,7507.200195,7507.200195,7530.299805,7476.5,7524.200195,1154816600
8/15/2023,7389.600098,7389.600098,7508.600098,7369.700195,7507.200195,463377300
8/16/2023,7356.899902,7356.899902,7398.200195,7338.5,7389.600098,687073100
8/17/2023,7310.200195,7310.200195,7357,7305,7356.899902,438920000
8/18/2023,7262.399902,7262.399902,7310.200195,7215.799805,7310.200195,571961300
8/21/2023,7257.799805,7257.799805,7316,7250.899902,7262.399902,469504000
8/22/2023,7270.799805,7270.799805,7310.5,7257.600098,7257.799805,747925500
8/23/2023,7320.5,7320.5,7348.799805,7270.799805,7270.799805,909639000
8/24/2023,7333.600098,7333.600098,7386.100098,7320.5,7320.5,377395800
8/25/2023,7338.600098,7338.600098,7389.399902,7327,7333.600098,372649700
8/29/2023,7465,7465,7471.100098,7338.600098,7338.600098,1139311100
8/30/2023,7473.700195,7473.700195,7509.399902,7464.700195,7465,536689700
8/31/2023,7439.100098,7439.100098,7500.399902,7439.100098,7473.700195,1143207100
9/1/2023,7464.5,7464.5,7492.600098,7439.100098,7439.100098,683056600
9/4/2023,7452.799805,7452.799805,7523.399902,7448.299805,7464.5,391662300
9/5/2023,7437.899902,7437.899902,7481.399902,7389.799805,7452.799805,484546800
9/6/2023,7426.100098,7426.100098,7447.899902,7369.600098,7437.899902,448751100
9/7/2023,7441.700195,7441.700195,7462.200195,7385.899902,7426.100098,456225400
9/8/2023,7478.200195,7478.200195,7480.600098,7402.100098,7441.700195,651366100
9/11/2023,7496.899902,7496.899902,7549.299805,7467.399902,7478.200195,568717300
9/12/2023,7527.5,7527.5,7550.200195,7496.299805,7496.899902,670632100
9/13/2023,7526,7526,7545.200195,7490.399902,7527.5,684595300
9/14/2023,7673.100098,7673.100098,7687,7526,7526,746569800
9/15/2023,7711.399902,7711.399902,7745.799805,7673.100098,7673.100098,1804599000
9/18/2023,7652.899902,7652.899902,7720.100098,7641.799805,7711.399902,463379300
9/19/2023,7660.200195,7660.200195,7682.399902,7642.399902,7652.899902,595546000
9/20/2023,7731.700195,7731.700195,7741.899902,7659.600098,7660.200195,806482700
9/21/2023,7678.600098,7678.600098,7746.5,7674.700195,7731.700195,1000693700
9/22/2023,7683.899902,7683.899902,7735.200195,7640.799805,7678.600098,989687600
9/25/2023,7624,7624,7684.799805,7580.799805,7683.899902,541205000
9/26/2023,7625.700195,7625.700195,7656.899902,7593.5,7624,546325000
9/27/2023,7593.200195,7593.200195,7645.600098,7577.200195,7625.700195,711885200
9/28/2023,7601.899902,7601.899902,7605.600098,7524.100098,7593.200195,642160800
9/29/2023,7608.100098,7608.100098,7674.200195,7601.899902,7601.899902,634751900
10/2/2023,7510.700195,7510.700195,7630.399902,7491.299805,7608.100098,570804100
10/3/2023,7470.200195,7470.200195,7545.700195,7466.600098,7510.700195,540181100
10/4/2023,7412.5,7412.5,7490.200195,7384.200195,7470.200195,1085406900
10/5/2023,7451.5,7451.5,7488.600098,7409.700195,7412.5,615457100
10/6/2023,7494.600098,7494.600098,7496.399902,7423.399902,7451.5,613195400
10/9/2023,7492.200195,7492.200195,7540.600098,7473.200195,7494.600098,738697000
10/10/2023,7628.200195,7628.200195,7637.399902,7492.200195,7492.200195,719653800
10/11/2023,7620,7620,7652,7608.700195,7628.200195,630293300
10/12/2023,7644.799805,7644.799805,7687.899902,7620,7620,668028900
10/13/2023,7599.600098,7599.600098,7660.100098,7590.700195,7644.799805,567783300
10/16/2023,7630.600098,7630.600098,7651.299805,7584.600098,7599.600098,558336100
10/17/2023,7675.200195,7675.200195,7682.600098,7616.799805,7630.600098,668852200
10/18/2023,7588,7588,7681.5,7579.299805,7675.200195,613430800
10/19/2023,7499.5,7499.5,7588,7490.5,7588,727252500
10/20/2023,7402.100098,7402.100098,7499.600098,7395.600098,7499.5,832451800
10/23/2023,7374.799805,7374.799805,7402.200195,7338.600098,7402.100098,502765900
10/24/2023,7389.700195,7389.700195,7405.299805,7325,7374.799805,699266600
10/25/2023,7414.299805,7414.299805,7428.100098,7368.399902,7389.700195,681751000
10/26/2023,7354.600098,7354.600098,7414.299805,7342.5,7414.299805,796762900
10/27/2023,7291.299805,7291.299805,7380.299805,7279.899902,7354.600098,642603800
10/30/2023,7327.399902,7327.399902,7361.5,7291.299805,7291.299805,1011063900
10/31/2023,7321.700195,7321.700195,7373.5,7309,7327.399902,809030400
11/1/2023,7342.399902,7342.399902,7385.399902,7304.899902,7321.700195,764584800
11/2/2023,7446.5,7446.5,7469.799805,7342.399902,7342.399902,978092600
11/3/2023,7417.700195,7417.700195,7482.700195,7396.600098,7446.5,750991900
11/6/2023,7417.799805,7417.799805,7448.399902,7403.5,7417.700195,781306000
11/7/2023,7410,7410,7431.100098,7397.399902,7417.799805,592558500
11/8/2023,7401.700195,7401.700195,7442.100098,7384.5,7410,686578900
11/9/2023,7455.700195,7455.700195,7465.299805,7367.200195,7401.700195,657728700
11/10/2023,7360.600098,7360.600098,7455.700195,7320,7455.700195,837842200
11/13/2023,7425.799805,7425.799805,7426.100098,7360.600098,7360.600098,649108100
11/14/2023,7440.5,7440.5,7456.600098,7386.700195,7425.799805,934829500
11/15/2023,7486.899902,7486.899902,7533.799805,7440.5,7440.5,741908600
11/16/2023,7411,7411,7492.799805,7409.399902,7486.899902,798697800
11/17/2023,7504.299805,7504.299805,7509,7410,7411,668943200
11/20/2023,7496.399902,7496.399902,7506,7472.700195,7504.299805,466773500
11/21/2023,7482,7482,7496.899902,7446.700195,7496.399902,533104500
11/22/2023,7469.5,7469.5,7504.5,7452,7482,637243500
11/23/2023,7483.600098,7483.600098,7494.799805,7450.600098,7469.5,610558000
11/24/2023,7488.200195,7488.200195,7494.700195,7450.100098,7483.600098,530714100
11/27/2023,7460.700195,7460.700195,7488.299805,7452.200195,7488.200195,399628100
11/28/2023,7455.200195,7455.200195,7461.100098,7403.299805,7460.700195,610114900
11/29/2023,7423.5,7423.5,7457.5,7408.799805,7455.200195,532425900
11/30/2023,7453.799805,7453.799805,7497.700195,7387.100098,7423.5,1276856800
12/1/2023,7529.399902,7529.399902,7538.700195,7453.799805,7453.799805,549661500
12/4/2023,7513,7513,7533.799805,7476.899902,7529.399902,851332900
12/5/2023,7489.799805,7489.799805,7513,7460.200195,7513,689771600
12/6/2023,7515.399902,7515.399902,7542.600098,7486.799805,7489.799805,1489645900
12/7/2023,7513.700195,7513.700195,7523.600098,7480.5,7515.399902,811058900
12/8/2023,7554.5,7554.5,7581.299805,7509.799805,7513.700195,863626100
12/11/2023,7544.899902,7544.899902,7557.399902,7493.600098,7554.5,872408400
12/12/2023,7542.799805,7542.799805,7607.5,7542.399902,7544.899902,812300300
12/13/2023,7548.399902,7548.399902,7584.899902,7542.700195,7542.799805,998797500
12/14/2023,7649,7649,7724.799805,7548.399902,7548.399902,1517185300
12/15/2023,7576.399902,7576.399902,7668.200195,7569,7649,1645000000
12/18/2023,7614.5,7614.5,7630.600098,7557.200195,7576.399902,710048700
12/19/2023,7638,7638,7642.200195,7605.399902,7614.5,961867300
12/20/2023,7715.700195,7715.700195,7762.899902,7637.899902,7638,980983700
12/21/2023,7694.700195,7694.700195,7715.700195,7668.399902,7715.700195,603350200
12/22/2023,7697.5,7697.5,7715.200195,7676.399902,7694.700195,329604400
12/27/2023,7725,7725,7759.700195,7697.5,7697.5,432594200
12/28/2023,7722.700195,7722.700195,7746,7708.700195,7725,327536200
12/29/2023,7733.200195,7733.200195,7746.899902,7719,7722.700195,235460600
1/2/2024,7721.5,7721.5,7764.399902,7689,7733.200195,678041300
1/3/2024,7682.299805,7682.299805,7744.600098,7650.299805,7721.5,857615300
1/4/2024,7723.100098,7723.100098,7728.200195,7678.799805,7682.299805,963235800
1/5/2024,7689.600098,7689.600098,7723.100098,7642.899902,7723.100098,701524000
1/8/2024,7694.200195,7694.200195,7694.200195,7636.100098,7689.600098,1055586300
1/9/2024,7684,7684,7717.5,7675.100098,7694.200195,703141300
1/10/2024,7651.799805,7651.799805,7684,7647.399902,7684,668838800
1/11/2024,7576.600098,7576.600098,7693.899902,7576.600098,7651.799805,1306895000
1/12/2024,7624.899902,7624.899902,7655.200195,7576.600098,7576.600098,794125500
1/15/2024,7594.899902,7594.899902,7637.799805,7578.299805,7624.899902,740769500
1/16/2024,7558.299805,7558.299805,7594.899902,7538.899902,7594.899902,1128049600
1/17/2024,7446.299805,7446.299805,7558.299805,7404.100098,7558.299805,838880100
1/18/2024,7459.100098,7459.100098,7471.700195,7426.600098,7446.299805,883212400
1/19/2024,7461.899902,7461.899902,7521.100098,7450.899902,7459.100098,1242202400
1/22/2024,7487.700195,7487.700195,7503.600098,7456,7461.899902,787927500
1/23/2024,7485.700195,7485.700195,7525.100098,7465.100098,7487.700195,1048392200
1/24/2024,7527.700195,7527.700195,7538.899902,7485.700195,7485.700195,869218500
1/25/2024,7529.700195,7529.700195,7544.5,7507,7527.700195,735927500
1/26/2024,7635.100098,7635.100098,7651.799805,7529.700195,7529.700195,1046240900
1/29/2024,7632.700195,7632.700195,7664.899902,7630.799805,7635.100098,636218800
1/30/2024,7666.299805,7666.299805,7684.200195,7632.700195,7632.700195,748149200
1/31/2024,7630.600098,7630.600098,7689.700195,7630.600098,7666.299805,952428700
2/1/2024,7622.200195,7622.200195,7673.700195,7607.899902,7630.600098,936217800
2/2/2024,7615.5,7615.5,7670.899902,7609.299805,7622.200195,859451400
2/5/2024,7612.899902,7612.899902,7667.799805,7598.700195,7615.5,1350635500
2/6/2024,7681,7681,7693.600098,7612.899902,7612.899902,1499137700
2/7/2024,7628.799805,7628.799805,7694.899902,7626.200195,7681,985234500
2/8/2024,7595.5,7595.5,7653.399902,7593.600098,7628.799805,709573100
2/9/2024,7572.600098,7572.600098,7608.700195,7557.399902,7595.5,1091499500
2/12/2024,7573.700195,7573.700195,7590.5,7555.5,7572.600098,839183300
2/13/2024,7512.299805,7512.299805,7585.299805,7493,7573.700195,1188999800
2/14/2024,7568.399902,7568.399902,7590.100098,7512.299805,7512.299805,1209576400
2/15/2024,7597.5,7597.5,7612.299805,7562.100098,7568.399902,850537300
2/16/2024,7711.700195,7711.700195,7720.700195,7597.5,7597.5,1074369500
2/19/2024,7728.5,7728.5,7733.5,7692.5,7711.700195,619639600
2/20/2024,7719.200195,7719.200195,7748.700195,7706,7728.5,889469600
2/21/2024,7662.5,7662.5,7719.200195,7642.799805,7719.200195,1271802800
2/22/2024,7684.5,7684.5,7702.899902,7651.700195,7662.5,1408725800
2/23/2024,7706.299805,7706.299805,7713.399902,7675.200195,7684.5,1080901500
2/26/2024,7684.299805,7684.299805,7710.799805,7676.799805,7706.299805,1210391900
2/27/2024,7683,7683,7698.299805,7669.700195,7684.299805,1132154000
2/28/2024,7625,7625,7693.200195,7620.399902,7683,1227847900
2/29/2024,7630,7630,7677.700195,7622.899902,7625,2026489200
3/1/2024,7682.5,7682.5,7695.600098,7630,7630,1307043500
3/4/2024,7640.299805,7640.299805,7682.600098,7623.200195,7682.5,1075053400
3/5/2024,7646.200195,7646.200195,7654.799805,7598.5,7640.299805,906735400
3/6/2024,7679.299805,7679.299805,7701.299805,7639,7646.200195,1392688900
3/7/2024,7692.5,7692.5,7711.799805,7645.100098,7679.299805,1470190800
3/8/2024,7659.700195,7659.700195,7693.899902,7646.200195,7692.5,927297500
3/11/2024,7669.200195,7669.200195,7669.200195,7612.600098,7659.700195,1203377500
3/12/2024,7747.799805,7747.799805,7764.600098,7669.200195,7669.200195,1136566100
3/13/2024,7772.200195,7772.200195,7785.700195,7738.700195,7747.799805,1336746300
3/14/2024,7743.200195,7743.200195,7778.399902,7719.100098,7772.200195,973121100
3/15/2024,7727.399902,7727.399902,7761.100098,7727.399902,7743.200195,2813498300
3/18/2024,7722.600098,7722.600098,7750.200195,7714.899902,7727.399902,1034442400
3/19/2024,7738.299805,7738.299805,7739.700195,7699.600098,7722.600098,1085005200
3/20/2024,7737.399902,7737.399902,7749.399902,7711.5,7738.299805,1032409800
3/21/2024,7882.600098,7882.600098,7901.799805,7737.399902,7737.399902,1352537800
3/22/2024,7930.899902,7930.899902,7961.399902,7882.200195,7882.600098,1056237300
3/25/2024,7917.600098,7917.600098,7939.399902,7891.700195,7930.899902,1070739800
3/26/2024,7931,7931,7934.399902,7892.100098,7917.600098,1278455500
3/27/2024,7932,7932,7938.100098,7893,7931,1017867800
3/28/2024,7952.600098,7952.600098,7975.399902,7931.399902,7932,1051189700
4/2/2024,7935.100098,7935.100098,8015.600098,7928.600098,7952.600098,1126449500
4/3/2024,7937.399902,7937.399902,7937.399902,7882.700195,7935.100098,1131676800
4/4/2024,7975.899902,7975.899902,7990.399902,7937.399902,7937.399902,1138495500
4/5/2024,7911.200195,7911.200195,7975.899902,7884.5,7975.899902,951509100
4/8/2024,7943.5,7943.5,7953.200195,7887.899902,7911.200195,847327700
4/9/2024,7934.799805,7934.799805,7962.799805,7917.5,7943.5,1000931200
4/10/2024,7961.200195,7961.200195,7999.799805,7916.5,7934.799805,1207706000
4/11/2024,7923.799805,7923.799805,7970.100098,7886.899902,7961.200195,1197883800
4/12/2024,7995.600098,7995.600098,8045,7923.799805,7923.799805,937766700
4/15/2024,7965.5,7965.5,8009.5,7952.100098,7995.600098,820441500
4/16/2024,7820.399902,7820.399902,7965.5,7793.899902,7965.5,1058250300
4/17/2024,7848,7848,7893.600098,7798.600098,7820.399902,939573900
4/18/2024,7877.100098,7877.100098,7898.799805,7845.899902,7848,1222486300
4/19/2024,7895.899902,7895.899902,7900.5,7809.700195,7877.100098,982567400
4/22/2024,8023.899902,8023.899902,8042.799805,7895.899902,7895.899902,1085332800
4/23/2024,8044.799805,8044.799805,8076.5,8021.700195,8023.899902,1082600700
4/24/2024,8040.399902,8040.399902,8092.200195,8031.799805,8044.799805,1420290700
4/25/2024,8078.899902,8078.899902,8105.600098,8030.100098,8040.399902,1224259900
4/26/2024,8139.799805,8139.799805,8146.799805,8078.899902,8078.899902,904872200
4/29/2024,8147,8147,8189.100098,8136.700195,8139.799805,759963000
4/30/2024,8144.100098,8144.100098,8200,8138.100098,8147,868339500
5/1/2024,8121.200195,8121.200195,8179,8111.399902,8144.100098,562235500
5/2/2024,8172.200195,8172.200195,8178.799805,8119.899902,8121.200195,919730600
5/3/2024,8213.5,8213.5,8248.700195,8172.200195,8172.200195,658456400
5/7/2024,8313.700195,8313.700195,8335.700195,8213.5,8213.5,1220562500
5/8/2024,8354.099609,8354.099609,8365.299805,8313.700195,8313.700195,1272316300
5/9/2024,8381.400391,8381.400391,8396.299805,8349.799805,8354.099609,1079046000
5/10/2024,8433.799805,8433.799805,8455.799805,8381.400391,8381.400391,698222200
5/13/2024,8415,8415,8446.5,8409.200195,8433.799805,974791500
5/14/2024,8428.099609,8428.099609,8448.700195,8407,8415,1160778700
5/15/2024,8445.799805,8445.799805,8474.400391,8427.900391,8428.099609,1112620600
5/16/2024,8438.700195,8438.700195,8455.700195,8406.700195,8445.799805,889766900
5/17/2024,8420.299805,8420.299805,8441.700195,8401.400391,8438.700195,1034395100
5/20/2024,8424.200195,8424.200195,8451.599609,8418,8420.299805,739021000
5/21/2024,8416.5,8416.5,8424.200195,8379.099609,8424.200195,1001396500
5/22/2024,8370.299805,8370.299805,8416.5,8343.400391,8416.5,1286558300
5/23/2024,8339.200195,8339.200195,8385.200195,8332.299805,8370.299805,1229161600
5/24/2024,8317.599609,8317.599609,8339.200195,8263.799805,8339.200195,779070900
5/28/2024,8254.200195,8254.200195,8335.5,8241.299805,8317.599609,1202410100
5/29/2024,8183.100098,8183.100098,8255.400391,8180,8254.200195,1014436000
5/30/2024,8231.099609,8231.099609,8236.299805,8148.5,8183.100098,985401500
5/31/2024,8275.400391,8275.400391,8289.200195,8231.099609,8231.099609,2232006600
6/3/2024,8262.799805,8262.799805,8371.700195,8258.900391,8275.400391,1095687900
6/4/2024,8232,8232,8263.400391,8200.299805,8262.799805,1127695300
6/5/2024,8247,8247,8276.599609,8232,8232,879057500
6/6/2024,8285.299805,8285.299805,8287.099609,8247,8247,857611200
6/7/2024,8245.400391,8245.400391,8297,8210.200195,8285.299805,779890300
6/10/2024,8228.5,8228.5,8245.400391,8183.5,8245.400391,654032500
6/11/2024,8147.799805,8147.799805,8261.700195,8114.799805,8228.5,1117142300
6/12/2024,8215.5,8215.5,8243.200195,8147.799805,8147.799805,1301184800
6/13/2024,8163.700195,8163.700195,8215.5,8147.399902,8215.5,834387100
6/14/2024,8146.899902,8146.899902,8178.200195,8112.899902,8163.700195,805001800
6/17/2024,8142.200195,8142.200195,8187.299805,8120.899902,8146.899902,834637300
6/18/2024,8191.299805,8191.299805,8200,8142.200195,8142.200195,756939400
6/19/2024,8205.099609,8205.099609,8212.700195,8164.5,8191.299805,697498200
6/20/2024,8272.5,8272.5,8272.5,8203.599609,8205.099609,927926100
6/21/2024,8237.700195,8237.700195,8282.700195,8188.100098,8272.5,1819197400
6/24/2024,8281.599609,8281.599609,8307.900391,8217.400391,8237.700195,895710300
6/25/2024,8247.799805,8247.799805,8294.200195,8245.700195,8281.599609,859380400
6/26/2024,8225.299805,8225.299805,8302,8205,8247.799805,1093912900
6/27/2024,8179.700195,8179.700195,8232.900391,8179.700195,8225.299805,754106600
6/28/2024,8164.100098,8164.100098,8237.400391,8162.700195,8179.700195,819548300
7/1/2024,8166.799805,8166.799805,8225.099609,8164.100098,8164.100098,0
7/2/2024,8121.200195,8121.200195,8166.799805,8106.799805,8166.799805,757009000
7/3/2024,8171.100098,8171.100098,8178,8121.200195,8121.200195,859717100
7/4/2024,8241.299805,8241.299805,8258,8171,8171.100098,559314100
7/5/2024,8203.900391,8203.900391,8279.799805,8182.700195,8241.299805,1000832900
7/8/2024,8193.5,8193.5,8232.799805,8175.299805,8203.900391,704970200
7/9/2024,8139.799805,8139.799805,8217.099609,8132.5,8193.5,1039860100
7/10/2024,8193.5,8193.5,8194.900391,8138.200195,8139.799805,685247000
7/11/2024,8223.299805,8223.299805,8231.799805,8190.799805,8193.5,582695700
7/12/2024,8252.900391,8252.900391,8276.299805,8223.299805,8223.299805,517847100
7/15/2024,8183,8183,8252.900391,8174.600098,8252.900391,549833100
7/16/2024,8164.899902,8164.899902,8183,8126.100098,8183,565898400
7/17/2024,8187.5,8187.5,8204.299805,8132,8164.899902,746457300
7/18/2024,8204.900391,8204.900391,8267.799805,8187.5,8187.5,541507400
7/19/2024,8155.700195,8155.700195,8184.299805,8135.100098,8150.100098,665426100
7/22/2024,8198.799805,8198.799805,8240.400391,8155.700195,8155.700195,782317000
7/23/2024,8167.399902,8167.399902,8228.099609,8151.5,8198.799805,882774300
7/24/2024,8153.700195,8153.700195,8170.700195,8112,8167.399902,614501800
7/25/2024,8186.399902,8186.399902,8187.5,8056,8153.700195,1025703700
7/26/2024,8285.700195,8285.700195,8290.299805,8181.200195,8186.399902,659245500
7/29/2024,8292.400391,8292.400391,8368.400391,8285.700195,8285.700195,780780900
7/30/2024,8274.400391,8274.400391,8297.900391,8235.599609,8292.400391,706783100
7/31/2024,8368,8368,8399.900391,8274.400391,8274.400391,839006300
8/1/2024,8283.400391,8283.400391,8405.200195,8268.099609,8368,911054200
8/2/2024,8174.700195,8174.700195,8283.400391,8158,8283.400391,1234144400
8/5/2024,8008.200195,8008.200195,8174.700195,7915.899902,8174.700195,1648338500
8/6/2024,8026.700195,8026.700195,8058.299805,7949.899902,8008.200195,1282405500
8/7/2024,8166.899902,8166.899902,8177,8026.700195,8026.700195,816442600
8/8/2024,8145,8145,8166.899902,8064.299805,8166.899902,755462800
8/9/2024,8168.100098,8168.100098,8203.5,8144.399902,8145,873989200
8/12/2024,8210.299805,8210.299805,8223.5,8168.100098,8168.100098,1655696200
8/13/2024,8235.200195,8235.200195,8244.400391,8188,8210.299805,532750100
8/14/2024,8281.099609,8281.099609,8288.700195,8230.700195,8235.200195,610726800
8/15/2024,8347.400391,8347.400391,8367,8277.099609,8281.099609,863763000
8/16/2024,8311.400391,8311.400391,8350.400391,8292,8347.400391,515420800
8/19/2024,8356.900391,8356.900391,8374,8286.5,8311.400391,637975500
8/20/2024,8273.299805,8273.299805,8356.900391,8270.700195,8356.900391,492210300
8/21/2024,8283.400391,8283.400391,8295.900391,8263,8273.299805,825049200
8/22/2024,8288,8288,8318.599609,8277,8283.400391,797295800
8/23/2024,8327.799805,8327.799805,8331.900391,8288,8288,615482100
8/27/2024,8345.5,8345.5,8400.400391,8327.799805,8327.799805,785508100
8/28/2024,8343.900391,8343.900391,8362.700195,8322.299805,8345.5,624469700
8/29/2024,8379.599609,8379.599609,8392.400391,8336.599609,8343.900391,613890100
8/30/2024,8376.599609,8376.599609,8414.400391,8363.700195,8379.599609,1081528600
9/2/2024,8363.799805,8363.799805,8380.099609,8353.200195,8376.599609,510920500
9/3/2024,8298.5,8298.5,8381,8286.599609,8363.799805,1022494600
9/4/2024,8269.599609,8269.599609,8298.5,8219.299805,8298.5,724921200
9/5/2024,8241.700195,8241.700195,8285.599609,8241.700195,8269.599609,738779600
9/6/2024,8181.5,8181.5,8260.700195,8168.399902,8241.700195,704014000
9/9/2024,8270.799805,8270.799805,8274.700195,8181.5,8181.5,626820000
9/10/2024,8206,8206,8271.099609,8195.099609,8270.799805,815663300
9/11/2024,8193.900391,8193.900391,8232.799805,8170,8206,867081200
9/12/2024,8241,8241,8301.400391,8193.900391,8193.900391,1071633400
9/13/2024,8273.099609,8273.099609,8287.900391,8230.799805,8241,535984000
9/16/2024,8278.400391,8278.400391,8290,8247.900391,8273.099609,451756300
9/17/2024,8309.900391,8309.900391,8351.700195,8278.400391,8278.400391,746474800
9/18/2024,8253.700195,8253.700195,8310,8245.700195,8309.900391,800042600
9/19/2024,8328.700195,8328.700195,8370.5,8253.700195,8253.700195,861254500
9/20/2024,8230,8230,8328.700195,8223.799805,8328.700195,1575731600
9/23/2024,8259.700195,8259.700195,8262.5,8210.099609,8230,653474700
9/24/2024,8282.799805,8282.799805,8309.799805,8259.5,8259.700195,1018907500
9/25/2024,8268.700195,8268.700195,8319.400391,8243,8282.799805,712916300
9/26/2024,8284.900391,8284.900391,8332.900391,8262,8268.700195,835609300
9/27/2024,8320.799805,8320.799805,8334.599609,8283.5,8284.900391,801571600
9/30/2024,8237,8237,8324.599609,8234,8320.799805,831097600
10/1/2024,8276.700195,8276.700195,8291.099609,8226.200195,8237,928541100
10/2/2024,8290.900391,8290.900391,8322.599609,8267.599609,8276.700195,804855900
10/3/2024,8282.5,8282.5,8332.700195,8262,8290.900391,918547500
10/4/2024,8280.599609,8280.599609,8300.700195,8234.200195,8282.5,721509500
10/7/2024,8303.599609,8303.599609,8323.400391,8260.099609,8280.599609,645451200
10/8/2024,8190.600098,8190.600098,8303.599609,8184,8303.599609,754710600
10/9/2024,8243.700195,8243.700195,8244.400391,8188.700195,8190.600098,501110700
10/10/2024,8237.700195,8237.700195,8272.5,8218.400391,8243.700195,675185500
10/11/2024,8253.700195,8253.700195,8265.700195,8211.900391,8237.700195,519343300
10/14/2024,8292.700195,8292.700195,8292.700195,8237.700195,8253.700195,652695500
10/15/2024,8249.299805,8249.299805,8306.200195,8242,8292.700195,836071600
10/16/2024,8329.099609,8329.099609,8346.599609,8249.299805,8249.299805,983516200
10/17/2024,8385.099609,8385.099609,8395.599609,8322.099609,8329.099609,910215100
10/18/2024,8358.299805,8358.299805,8385.099609,8315.900391,8385.099609,790396700
10/21/2024,8318.200195,8318.200195,8391.799805,8318.200195,8358.299805,641070600
10/22/2024,8306.5,8306.5,8318.200195,8252.400391,8318.200195,628688300
10/23/2024,8258.599609,8258.599609,8323.200195,8252.400391,8306.5,750920700
10/24/2024,8269.400391,8269.400391,8337.700195,8256.799805,8258.599609,1021483500
10/25/2024,8248.799805,8248.799805,8278.099609,8246.200195,8269.400391,963757400
10/28/2024,8285.599609,8285.599609,8293.599609,8208.900391,8248.799805,1029866000
10/29/2024,8219.599609,8219.599609,8325.5,8215.299805,8285.599609,1071605800
10/30/2024,8159.600098,8159.600098,8219.599609,8153.799805,8219.599609,1059873900
10/31/2024,8110.100098,8110.100098,8159.600098,8071.700195,8159.600098,1073856200
11/1/2024,8177.200195,8177.200195,8202.599609,8105.299805,8110.100098,865735500
11/4/2024,8184.200195,8184.200195,8239.900391,8175.799805,8177.200195,933157300
11/5/2024,8172.399902,8172.399902,8215.799805,8148.299805,8184.200195,841056500
11/6/2024,8166.700195,8166.700195,8301.799805,8144.299805,8172.399902,1036073800
11/7/2024,8140.700195,8140.700195,8195.299805,8140.700195,8166.700195,961904700
11/8/2024,8072.399902,8072.399902,8156.5,8060.899902,8140.700195,833664800
11/11/2024,8125.200195,8125.200195,8148.200195,8072.399902,8072.399902,648655300
11/12/2024,8025.799805,8025.799805,8125.200195,8018.600098,8125.200195,973035400
11/13/2024,8030.299805,8030.299805,8062.700195,7995.899902,8025.799805,1001024100
11/14/2024,8071.200195,8071.200195,8083.100098,8012.799805,8030.299805,662893000
11/15/2024,8063.600098,8063.600098,8091.899902,8030,8071.200195,740001000
11/18/2024,8109.299805,8109.299805,8109.299805,8054.100098,8063.600098,800777400
11/19/2024,8099,8099,8145.899902,8052,8109.299805,740741000
11/20/2024,8085.100098,8085.100098,8128.399902,8074.200195,8099,744104500
11/21/2024,8149.299805,8149.299805,8152.899902,8065.200195,8085.100098,856150000
11/22/2024,8262.099609,8262.099609,8274.799805,8149.299805,8149.299805,791049500
11/25/2024,8291.700195,8291.700195,8307.299805,8261.799805,8262.099609,1952081800
11/26/2024,8258.599609,8258.599609,8291.700195,8245.799805,8291.700195,771580100
11/27/2024,8274.799805,8274.799805,8280,8237.700195,8258.599609,658162500
11/28/2024,8281.200195,8281.200195,8303.799805,8271.900391,8274.799805,515831900
11/29/2024,8287.299805,8287.299805,8292.5,8252.900391,8281.200195,588369200
12/2/2024,8312.900391,8312.900391,8332,8274.700195,8287.299805,822818500
12/3/2024,8359.400391,8359.400391,8388.400391,8311.900391,8312.900391,815525800
12/4/2024,8335.799805,8335.799805,8362.799805,8322.799805,8359.400391,760035100
12/5/2024,8349.400391,8349.400391,8350.700195,8321.599609,8335.799805,855079400
12/6/2024,8308.599609,8308.599609,8357.599609,8303.5,8349.400391,1058504800
12/9/2024,8352.099609,8352.099609,8372.099609,8308.599609,8308.599609,731046000
12/10/2024,8280.400391,8280.400391,8352.099609,8274.5,8352.099609,605634700
12/11/2024,8301.599609,8301.599609,8318.900391,8248.400391,8280.400391,1274444500
12/12/2024,8311.799805,8311.799805,8331.099609,8300.200195,8301.599609,584951900
12/13/2024,8300.299805,8300.299805,8331.900391,8282.400391,8311.799805,653230000
12/16/2024,8262.099609,8262.099609,8305.200195,8254.099609,8300.299805,621726000
12/17/2024,8195.200195,8195.200195,8262.099609,8190.200195,8262.099609,1176055700
12/18/2024,8199.099609,8199.099609,8231.799805,8191.600098,8195.200195,836400800
12/19/2024,8105.299805,8105.299805,8199.099609,8079,8199.099609,802810600
12/20/2024,8084.600098,8084.600098,8105.799805,8002.299805,8105.299805,1608807700
12/23/2024,8102.700195,8102.700195,8111.399902,8051.899902,8084.600098,573891100
12/24/2024,8137,8137,8152,8102.700195,8102.700195,243246600
12/27/2024,8149.799805,8149.799805,8151.299805,8112.299805,8137,356239100
12/30/2024,8121,8121,8149.799805,8094.899902,8149.799805,325039700
12/31/2024,8173,8173,8180.399902,8096.700195,8121,203355200
1/2/2025,8260.099609,8260.099609,8270.599609,8160.600098,8173,422219900
1/3/2025,8224,8224,8269,8219.700195,8260.099609,742503900
1/6/2025,8249.700195,8249.700195,8249.700195,8197.5,8224,766244700
1/7/2025,8245.299805,8245.299805,8251.799805,8190.5,8249.700195,741506800
1/8/2025,8251,8251,8267.400391,8189.5,8245.299805,899645300
1/9/2025,8319.700195,8319.700195,8322.599609,8243.200195,8251,837818000
1/10/2025,8248.5,8248.5,8326.299805,8247.599609,8319.700195,912377200
1/13/2025,8224.200195,8224.200195,8254,8192.299805,8248.5,896847800
1/14/2025,8201.5,8201.5,8244.299805,8193.5,8224.200195,955210200
1/15/2025,8301.099609,8301.099609,8307.599609,8199.599609,8201.5,1038434200
1/16/2025,8391.900391,8391.900391,8391.900391,8301.099609,8301.099609,801801600
1/17/2025,8505.200195,8505.200195,8533.400391,8391.799805,8391.900391,1066188700
1/20/2025,8520.5,8520.5,8548.599609,8501.799805,8505.200195,731489400
1/21/2025,8548.299805,8548.299805,8550.400391,8513.400391,8520.5,793665300
1/22/2025,8545.099609,8545.099609,8584.700195,8527.799805,8548.299805,993162800
1/23/2025,8565.200195,8565.200195,8572.5,8532.099609,8545.099609,1052013500
1/24/2025,8502.400391,8502.400391,8586.700195,8492.700195,8565.200195,699240800
1/27/2025,8503.700195,8503.700195,8514.200195,8462.200195,8502.400391,684095200
1/28/2025,8533.900391,8533.900391,8573,8503.599609,8503.700195,762856300
1/29/2025,8557.799805,8557.799805,8584.099609,8518.299805,8533.900391,769283700
1/30/2025,8646.900391,8646.900391,8655.200195,8547.900391,8557.799805,641234300
1/31/2025,8674,8674,8692.799805,8646.900391,8646.900391,1136186800
2/3/2025,8583.599609,8583.599609,8674,8520.200195,8674,776851300
2/4/2025,8570.799805,8570.799805,8583.599609,8524.700195,8583.599609,1132804200
2/5/2025,8623.299805,8623.299805,8623.299805,8550.200195,8570.799805,794984000
2/6/2025,8727.299805,8727.299805,8767.5,8623.299805,8623.299805,776192500
2/7/2025,8700.5,8700.5,8728.900391,8685.799805,8727.299805,993507700
2/10/2025,8767.799805,8767.799805,8785.900391,8694.599609,8700.5,835975800
2/11/2025,8777.400391,8777.400391,8789.599609,8750.5,8767.799805,900729100
2/12/2025,8807.400391,8807.400391,8810.599609,8759.400391,8777.400391,853097300
2/13/2025,8764.700195,8764.700195,8820.900391,8729.599609,8807.400391,873981500
2/14/2025,8732.5,8732.5,8767.700195,8717.5,8764.700195,900486200
2/17/2025,8768,8768,8769.099609,8725.299805,8732.5,628962700
2/18/2025,8766.700195,8766.700195,8787.700195,8757.799805,8768,681039100
2/19/2025,8712.5,8712.5,8771.200195,8696.900391,8766.700195,763343900
2/20/2025,8663,8663,8712.700195,8650.799805,8712.5,1295365000
2/21/2025,8659.400391,8659.400391,8684.799805,8638.599609,8663,987174200
2/24/2025,8659,8659,8688.299805,8614.099609,8659.400391,793153400
2/25/2025,8668.700195,8668.700195,8712.200195,8628.099609,8659,918642700
2/26/2025,8731.5,8731.5,8738.299805,8668.700195,8668.700195,983507000
2/27/2025,8756.200195,8756.200195,8768.099609,8680.599609,8731.5,1169088400
2/28/2025,8809.700195,8809.700195,8810.5,8715.400391,8756.200195,2236877400
3/3/2025,8871.299805,8871.299805,8908.799805,8809.700195,8809.700195,1257576300
3/4/2025,8759,8759,8873.700195,8746,8871.299805,1075235300
3/5/2025,8755.799805,8755.799805,8835.700195,8752.5,8759,1274923200
3/6/2025,8682.799805,8682.799805,8778.200195,8645.799805,8755.799805,1027583200
3/7/2025,8679.900391,8679.900391,8701.299805,8627.299805,8682.799805,916305900
3/10/2025,8600.200195,8600.200195,8700.799805,8591.599609,8679.900391,1518951000
3/11/2025,8496,8496,8603.900391,8481.099609,8600.200195,1065664100
3/12/2025,8541,8541,8565.5,8496,8496,974845500
3/13/2025,8542.599609,8542.599609,8581.599609,8513.700195,8541,772709400
3/14/2025,8632.299805,8632.299805,8642.799805,8538.099609,8542.599609,770290500
3/17/2025,8680.299805,8680.299805,8688.400391,8625,8632.299805,845612500
3/18/2025,8705.200195,8705.200195,8727,8680.299805,8680.299805,1112954700
3/19/2025,8706.700195,8706.700195,8718.700195,8662.599609,8705.200195,824383600
3/20/2025,8702,8702,8742.799805,8665.299805,8706.700195,918761900
3/21/2025,8646.799805,8646.799805,8702,8616,8702,1930845700
3/24/2025,8638,8638,8695.599609,8616.400391,8646.799805,617343400
3/25/2025,8663.799805,8663.799805,8717,8638,8638,1090882500
3/26/2025,8689.599609,8689.599609,8714.799805,8656.400391,8663.799805,704514600
3/27/2025,8666.099609,8666.099609,8689.700195,8611.400391,8689.599609,702932000
3/28/2025,8658.900391,8658.900391,8694.200195,8636.900391,8666.099609,747545800
3/31/2025,8582.799805,8582.799805,8658.900391,8531,8658.900391,925075000
4/1/2025,8634.799805,8634.799805,8671.900391,8581.900391,8582.799805,682410100
4/2/2025,8608.5,8608.5,8634.799805,8548.299805,8634.799805,601417800
4/3/2025,8474.700195,8474.700195,8608.5,8453.200195,8608.5,1403210800
4/4/2025,8055,8055,8474.700195,8023.5,8474.700195,1572146400
4/7/2025,7702.100098,7702.100098,8055,7544.799805,8055,2001791200
4/8/2025,7910.5,7910.5,7984.200195,7702.100098,7702.100098,1346508600
4/9/2025,7679.5,7679.5,7910.5,7599.600098,7910.5,1348496400
4/10/2025,7913.299805,7913.299805,8166.5,7679.5,7679.5,1430098700
4/11/2025,7964.200195,7964.200195,8000.799805,7862.700195,7913.299805,1328746600
4/14/2025,8134.299805,8134.299805,8160.200195,7964.200195,7964.200195,712694800
4/15/2025,8249.099609,8249.099609,8257.799805,8134,8134.299805,830488500
4/16/2025,8275.599609,8275.599609,8281.099609,8177,8249.099609,804660100
4/17/2025,8275.700195,8275.700195,8295.099609,8195.700195,8275.599609,735769800
4/22/2025,8328.599609,8328.599609,8337.700195,8262.5,8275.700195,1042190300
4/23/2025,8403.200195,8403.200195,8467.799805,8328.299805,8328.599609,1043916400
4/24/2025,8407.400391,8407.400391,8415.099609,8361.799805,8403.200195,1126605500
4/25/2025,8415.299805,8415.299805,8442.700195,8397.099609,8407.400391,802734000
4/28/2025,8417.299805,8417.299805,8452.599609,8415.200195,8415.299805,738741700
4/29/2025,8463.5,8463.5,8470.400391,8404.099609,8417.299805,655924800
4/30/2025,8494.900391,8494.900391,8494.900391,8430.5,8463.5,1589592400
5/1/2025,8496.799805,8496.799805,8505.299805,8468.299805,8494.900391,527568800
5/2/2025,8596.400391,8596.400391,8622.099609,8496.799805,8496.799805,908575200
5/6/2025,8597.400391,8597.400391,8641.700195,8569.099609,8596.400391,980036200
5/7/2025,8559.299805,8559.299805,8600,8533.599609,8597.400391,1265512400
5/8/2025,8531.599609,8531.599609,8607.700195,8514,8559.299805,894696500
5/9/2025,8554.799805,8554.799805,8581.5,8531.599609,8531.599609,697106500
5/12/2025,8605,8605,8646.299805,8546.299805,8554.799805,804071800
5/13/2025,8602.900391,8602.900391,8623.799805,8583.900391,8605,694005000
5/14/2025,8585,8585,8616.099609,8558.200195,8602.900391,857059700
5/15/2025,8633.799805,8633.799805,8634.599609,8531.099609,8585,1229933100
5/16/2025,8684.599609,8684.599609,8697,8633.599609,8633.799805,950109800
5/19/2025,8699.299805,8699.299805,8699.299805,8613.5,8684.599609,890111700
5/20/2025,8781.099609,8781.099609,8789.400391,8698.099609,8699.299805,950651400
5/21/2025,8786.5,8786.5,8798.5,8762,8781.099609,923718700
5/22/2025,8739.299805,8739.299805,8786.5,8689.400391,8786.5,815431200
5/23/2025,8718,8718,8779.400391,8604.799805,8739.299805,1051526200
5/27/2025,8778.099609,8778.099609,8824,8718,8718,840001900
5/28/2025,8726,8726,8799.799805,8726,8778.099609,816619700
5/29/2025,8716.5,8716.5,8776.299805,8709.099609,8726,973200900
5/30/2025,8772.400391,8772.400391,8790.5,8715.599609,8716.5,1740609200
6/2/2025,8774.299805,8774.299805,8792.099609,8730.599609,8772.400391,669303400
6/3/2025,8787,8787,8801.5,8738.5,8774.299805,690088000
6/4/2025,8801.299805,8801.299805,8821.400391,8780.400391,8787,741650200
6/5/2025,8811,8811,8838.799805,8782.099609,8801.299805,722917300
6/6/2025,8837.900391,8837.900391,8851.400391,8805.599609,8811,718102200
6/9/2025,8832.299805,8832.299805,8850.900391,8812.099609,8837.900391,573091300
6/10/2025,8853.099609,8853.099609,8886.099609,8832.299805,8832.299805,734467300
6/11/2025,8864.400391,8864.400391,8885.400391,8847.299805,8853.099609,805983200
6/12/2025,8884.900391,8884.900391,8896.900391,8843.599609,8864.400391,767509300
6/13/2025,8850.599609,8850.599609,8898.599609,8822.200195,8884.900391,711772600
6/16/2025,8875.200195,8875.200195,8902.400391,8850.599609,8850.599609,842787400
6/17/2025,8834,8834,8875.200195,8809.900391,8875.200195,851103300
6/18/2025,8843.5,8843.5,8858.599609,8820.400391,8834,657935000
6/19/2025,8791.799805,8791.799805,8844.099609,8788.799805,8843.5,481335200
6/20/2025,8774.700195,8774.700195,8847.299805,8772.299805,8791.799805,1831139500
6/23/2025,8758,8758,8787.099609,8741.400391,8774.700195,611232900
6/24/2025,8759,8759,8831.900391,8758,8758,1063635300
6/25/2025,8718.799805,8718.799805,8792.400391,8716.200195,8759,699302400
6/26/2025,8735.599609,8735.599609,8757.099609,8707.700195,8718.799805,768435000
6/27/2025,8798.900391,8798.900391,8798.900391,8735.599609,8735.599609,711522100
6/30/2025,8761,8761,8818.400391,8761,8798.900391,713304300
7/1/2025,8785.299805,8785.299805,8790.799805,8726.900391,8761,766020100
7/2/2025,8774.700195,8774.700195,8828.200195,8739,8785.299805,1097788200
7/3/2025,8823.200195,8823.200195,8837.799805,8774.700195,8774.700195,651280900
7/4/2025,8822.900391,8822.900391,8830.900391,8782.099609,8823.200195,444807000
7/7/2025,8806.5,8806.5,8836.900391,8798.700195,8822.900391,580213300
7/8/2025,8854.200195,8854.200195,8854.200195,8803.299805,8806.5,698144300
7/9/2025,8867,8867,8887.700195,8854.200195,8854.200195,707584400
7/10/2025,8975.700195,8975.700195,8979.400391,8867,8867,750104900
7/11/2025,8941.099609,8941.099609,8984.099609,8918.5,8975.700195,685521300
7/14/2025,8998.099609,8998.099609,8999.200195,8931.099609,8941.099609,514090200
7/15/2025,8938.299805,8938.299805,9017,8938.299805,8998.099609,688056100
7/16/2025,8926.599609,8926.599609,8972.299805,8926.599609,8938.299805,633643300
7/17/2025,8972.599609,8972.599609,8982.799805,8926.599609,8926.599609,566360500
7/18/2025,8992.099609,8992.099609,9016.400391,8969.099609,8972.599609,678409600
7/21/2025,9013,9013,9013,8975.200195,8992.099609,770772700
7/22/2025,9023.799805,9023.799805,9035.400391,8995.099609,9013,637414800
7/23/2025,9061.5,9061.5,9080.099609,9023.299805,9023.799805,716780800
7/24/2025,9138.400391,9138.400391,9158.200195,9060.700195,9061.5,800722200
7/25/2025,9120.299805,9120.299805,9145,9094.700195,9138.400391,1064163700
7/28/2025,9081.400391,9081.400391,9169,9058.400391,9120.299805,543629900
7/29/2025,9136.299805,9136.299805,9163.200195,9076.400391,9081.400391,717674800
7/30/2025,9136.900391,9136.900391,9146.799805,9091.5,9136.299805,774736700
7/31/2025,9132.799805,9132.799805,9190.700195,9115.799805,9136.900391,926035400
8/1/2025,9068.599609,9068.599609,9132.799805,9027.900391,9132.799805,750993500
8/4/2025,9128.299805,9128.299805,9129.099609,9068.099609,9068.599609,1259903600
8/5/2025,9142.700195,9142.700195,9178,9126.599609,9128.299805,815463500
8/6/2025,9164.299805,9164.299805,9184.200195,9142.700195,9142.700195,902688800
8/7/2025,9100.799805,9100.799805,9164.299805,9084.5,9164.299805,857875100
8/8/2025,9095.700195,9095.700195,9127.099609,9079.900391,9100.799805,874135800
8/11/2025,9129.700195,9129.700195,9137.700195,9093.200195,9095.700195,574794700
8/12/2025,9147.799805,9147.799805,9165,9119.400391,9129.700195,620578300
8/13/2025,9165.200195,9165.200195,9182.700195,9142.400391,9147.799805,668377900
8/14/2025,9177.200195,9177.200195,9177.200195,9133.700195,9165.200195,558589800
8/15/2025,9138.900391,9138.900391,9222.099609,9129.5,9177.200195,637843000
8/18/2025,9157.700195,9157.700195,9165.700195,9126.900391,9138.900391,904487300
8/19/2025,9189.200195,9189.200195,9197.099609,9154.799805,9157.700195,638477900
8/20/2025,9288.099609,9288.099609,9301.200195,9166.799805,9189.200195,738157900
8/21/2025,9309.200195,9309.200195,9309.200195,9257.5,9288.099609,471872700
8/22/2025,9321.400391,9321.400391,9357.5,9285.599609,9309.200195,503779500
8/26/2025,9265.799805,9265.799805,9325.900391,9249.599609,9321.400391,1238002200
8/27/2025,9255.5,9255.5,9301.900391,9230.599609,9265.799805,580184000
8/28/2025,9216.799805,9216.799805,9270,9207.400391,9255.5,545856600
8/29/2025,9187.299805,9187.299805,9223.099609,9179.200195,9216.799805,786259500
9/1/2025,9196.299805,9196.299805,9226.599609,9179.799805,9187.299805,432004700
9/2/2025,9116.700195,9116.700195,9196.5,9108.200195,9196.299805,704169000
9/3/2025,9178,9178,9179.599609,9107.400391,9116.700195,705659700
9/4/2025,9216.900391,9216.900391,9231.400391,9155.5,9178,487597700
9/5/2025,9208.200195,9208.200195,9253.5,9197.599609,9216.900391,524336500
9/8/2025,9221.400391,9221.400391,9234.900391,9190.599609,9208.200195,478762300
9/9/2025,9242.5,9242.5,9254.299805,9221.400391,9221.400391,679753900
9/10/2025,9225.400391,9225.400391,9290.599609,9222.400391,9242.5,1101672800
9/11/2025,9297.599609,9297.599609,9297.599609,9225.400391,9225.400391,628343100
9/12/2025,9283.299805,9283.299805,9340.700195,9283.299805,9297.599609,640038400
9/15/2025,9277,9277,9314.400391,9262.700195,9283.299805,896734100
9/16/2025,9195.700195,9195.700195,9282.099609,9195.700195,9277,1160022600
9/17/2025,9208.400391,9208.400391,9245.700195,9195.700195,9195.700195,550017700
9/18/2025,9228.099609,9228.099609,9245.200195,9208.299805,9208.400391,641326900
9/19/2025,9216.700195,9216.700195,9251,9207.700195,9228.099609,1741545500
9/22/2025,9226.700195,9226.700195,9234.599609,9194.299805,9216.700195,608280800
9/23/2025,9223.299805,9223.299805,9266.900391,9223.299805,9226.700195,690489000
9/24/2025,9250.400391,9250.400391,9266.400391,9177.099609,9223.299805,631425700
9/25/2025,9214,9214,9251.200195,9203.200195,9250.400391,652023200
9/26/2025,9284.799805,9284.799805,9292.099609,9208.5,9214,687681900
9/29/2025,9299.799805,9299.799805,9354.599609,9284.799805,9284.799805,546230500
9/30/2025,9350.400391,9350.400391,9363.599609,9266.299805,9299.799805,770556700
10/1/2025,9446.400391,9446.400391,9457.900391,9347.599609,9350.5,853312200
10/2/2025,9427.700195,9427.700195,9475.099609,9417.599609,9446.400391,650916500
10/3/2025,9491.299805,9491.299805,9494.599609,9425,9427.700195,596685900
10/6/2025,9479.099609,9479.099609,9516.799805,9465.400391,9491.200195,608049100
10/7/2025,9483.599609,9483.599609,9507.099609,9473.099609,9479.099609,647484600
10/8/2025,9548.900391,9548.900391,9577.099609,9483.599609,9483.599609,800211500
10/9/2025,9509.400391,9509.400391,9565.5,9501.099609,9548.900391,963047900
10/10/2025,9427.5,9427.5,9520,9414.599609,9509.400391,633596500
10/13/2025,9442.900391,9442.900391,9459.900391,9409.700195,9427.5,866346000
10/14/2025,9452.799805,9452.799805,9454.299805,9384.200195,9442.900391,715453800
10/15/2025,9424.799805,9424.799805,9474.299805,9395.099609,9452.799805,610965100
10/16/2025,9436.099609,9436.099609,9436.099609,9389.700195,9424.799805,451574500
10/17/2025,9354.599609,9354.599609,9436.099609,9276.900391,9436.099609,751531100
10/20/2025,9403.599609,9403.599609,9416.400391,9354.5,9354.5,612224700
10/21/2025,9427,9427,9441.200195,9403.5,9403.599609,612553400
10/22/2025,9515,9515,9545.200195,9427.099609,9427.099609,1047120500
10/23/2025,9578.599609,9578.599609,9594.799805,9505.700195,9515,814894500
10/24/2025,9645.599609,9645.599609,9645.599609,9560.5,9578.599609,779192300
10/27/2025,9653.799805,9653.799805,9672.700195,9632.799805,9645.599609,729163900
10/28/2025,9696.700195,9696.700195,9727.099609,9645.400391,9653.799805,708743000
10/29/2025,9756.099609,9756.099609,9787.599609,9696.799805,9696.799805,752470200
10/30/2025,9760.099609,9760.099609,9763.400391,9690,9756.099609,893377000
